Back,To,The,Future,,,,,,,,,,,,,
,,,,,,,,,,,,,,,,
Produced,by,Bob,Gale,&,Neil,Canton,,,,,,,,,,
,,,,,,,,,,,,,,,,
Screenplay,by,Robert,Zemeckis,&,Bob,Gale,,,,,,,,,,
,,,,,,,,,,,,,,,,
Directed,by,Robert,Zemeckis,,,,,,,,,,,,,
,,,,,,,,,,,,,,,,
Transcribed,by,Eric,Dienstfrey,,,,,,,,,,,,,
,,,,,,,,,,,,,,,,
Radio,October,is,inventory,time,So,right,now,Statler,Toyota,is,making,,,,,
the,best,deals,of,the,year,on,all,1985,model,Toyotas,You,wont,find,a,,
better,car,with,a,better,price,with,better,service,anywhere,in,Hill,,,,,
Valley,,,,,,,,,,,,,,,,
,,,,,,,,,,,,,,,,
Television,The,Senate,is,expected,to,vote,on,this,today,In,other,news,,,,
officials,at,The,Pacific,,,,,,,,,,,,,
,,,,,,,,,,,,,,,,
Nuclear,Research,Facility,have,denied,the,rumor,that,the,case,of,missing,,,,,
plutonium,was,in,fact,stolen,from,their,vault,two,weeks,ago,A,Libyan,,,,
terrorist,group,had,claimed,responsibility,for,the,alleged,theft,,,,,,,,
however,the,officials,now,infer,the,crepency,to,a,simple,clerical,,,,,,
error,The,,,,,,,,,,,,,,,
,,,,,,,,,,,,,,,,
FBI,,,,,,,,,,,,,,,,
,,,,,,,,,,,,,,,,
Marty,Hey,Doc?,Doc,Hello,anybody,home?,Einstein,come,here,boy,,,,,,
Whats,going,on?,,,,,,,,,,,,,,
,,,,,,,,,,,,,,,,
Wha-,aw,god,Aw,Jesus,Whoa,rock,and,roll,Yo,,,,,,,
,,,,,,,,,,,,,,,,
Doc,Marty,is,that,you?,,,,,,,,,,,,
,,,,,,,,,,,,,,,,
Marty,Hey,hey,Doc,where,are,you?,,,,,,,,,,
,,,,,,,,,,,,,,,,
Doc,Thank,god,I,found,you,Listen,can,you,meet,me,at,Twin,Pines,Mall,,
tonight,at,1,15?,Ive,made,a,major,breakthrough,Ill,need,your,,,,,
assistance,,,,,,,,,,,,,,,,
,,,,,,,,,,,,,,,,
Marty,Wait,a,minute,wait,a,minute,1,15,in,the,morning?,,,,,
,,,,,,,,,,,,,,,,
Doc,Yeah,,,,,,,,,,,,,,,
,,,,,,,,,,,,,,,,
Marty,Whats,going,on?,Where,have,you,been,all,week?,,,,,,,
,,,,,,,,,,,,,,,,
Doc,Working,,,,,,,,,,,,,,,
,,,,,,,,,,,,,,,,
Marty,Wheres,Einstein,is,he,with,you?,,,,,,,,,,
,,,,,,,,,,,,,,,,
Doc,Yeah,hes,right,here,,,,,,,,,,,,
,,,,,,,,,,,,,,,,
Marty,You,know,Doc,you,left,your,equipment,on,all,week,,,,,,
,,,,,,,,,,,,,,,,
Doc,My,equipment,that,reminds,me,Marty,you,better,not,hook,up,to,the,,,
amplifier,Theres,a,slight,possibility,for,overload,,,,,,,,,,
,,,,,,,,,,,,,,,,
Marty,Yeah,Ill,keep,that,in,mind,,,,,,,,,,
,,,,,,,,,,,,,,,,
Doc,Good,Ill,see,you,tonight,Dont,forget,now,1,15,am,Twin,,,,
Pines,Mall,,,,,,,,,,,,,,,
,,,,,,,,,,,,,,,,
Marty,Right,,,,,,,,,,,,,,,
,,,,,,,,,,,,,,,,
Doc,Are,those,my,clocks,I,hear?,,,,,,,,,,
,,,,,,,,,,,,,,,,
Marty,Yeah,its,8,0,,,,,,,,,,,,
,,,,,,,,,,,,,,,,
Doc,Theyre,late,My,experiment,worked,Theyre,all,exactly,twenty-five,,,,,,,
minutes,slow,,,,,,,,,,,,,,,
,,,,,,,,,,,,,,,,
Marty,Wait,a,minute,Wait,a,minute,Doc,Are,you,telling,me,that,its,,,
8,25?,,,,,,,,,,,,,,,
,,,,,,,,,,,,,,,,
Doc,Precisely,,,,,,,,,,,,,,,
,,,,,,,,,,,,,,,,
Marty,Damn,Im,late,for,school,,,,,,,,,,,
,,,,,,,,,,,,,,,,
Marty,Hello,Jennifer,,,,,,,,,,,,,,
,,,,,,,,,,,,,,,,
Jennifer,Marty,dont,go,this,way,Stricklands,looking,for,you,If,,,,,,
youre,caught,itll,be,four,tardies,in,a,row,,,,,,,,
,,,,,,,,,,,,,,,,
Jennifer,Alright,cmon,I,think,were,safe,,,,,,,,,,
,,,,,,,,,,,,,,,,
Marty,Yknow,this,time,it,wasnt,my,fault,The,Doc,set,all,of,his,,,
clocks,twenty-five,minutes,slow,,,,,,,,,,,,,
,,,,,,,,,,,,,,,,
Strickland,Doc?,Am,I,to,understand,youre,still,hanging,around,with,,,,,,
Doctor,Emmett,Brown,McFly?,Tardy,slip,for,you,Miss,Parker,And,one,for,,,,
you,McFly,I,believe,that,makes,four,in,a,row,Now,let,me,give,you,a,
nickles,worth,of,advice,young,man,This,so,called,Doctor,Brown,is,,,,,
dangerous,hes,a,real,nuttcase,You,hang,around,with,him,youre,gonna,,,,,
end,up,in,big,trouble,,,,,,,,,,,,
,,,,,,,,,,,,,,,,
Marty,Oh,yes,sir,,,,,,,,,,,,,
,,,,,,,,,,,,,,,,
Strickland,You,got,a,real,attitude,problem,McFly,Youre,a,slacker,,,,,,
You,remind,me,of,you,father,when,he,went,her,he,was,a,slacker,too,,
,,,,,,,,,,,,,,,,
Marty,Can,I,go,now,Mr,Strickland?,,,,,,,,,,
,,,,,,,,,,,,,,,,
Strickland,I,noticed,you,band,is,on,the,roster,for,dance,auditions,,,,,
after,school,today,Why,even,bother,Mcfly,you,havent,got,a,chance,,,,,
youre,too,much,like,your,own,man,No,McFly,ever,amounted,to,anything,in,,,
the,history,of,Hill,Valley,,,,,,,,,,,,
,,,,,,,,,,,,,,,,
Marty,Yeah,well,history,is,gonna,change,,,,,,,,,,
,,,,,,,,,,,,,,,,
Audition,Judge,Next,please,,,,,,,,,,,,,
,,,,,,,,,,,,,,,,
Marty,Alright,were,the,pinheads,,,,,,,,,,,,
,,,,,,,,,,,,,,,,
Audition,Judge,Okay,thats,enough,Now,stop,the,microphone,Im,sorry,,,,,,
fellas,Im,afraid,youre,just,too,darn,loud,Next,please,Wheres,the,,,,,
next,group,please,,,,,,,,,,,,,,
,,,,,,,,,,,,,,,,
Election,Van,Re-elect,Mayor,Goldie,Wilson,Progress,is,his,middle,name,,,,,,
,,,,,,,,,,,,,,,,
Marty,Im,too,loud,I,cant,believe,it,Im,never,gonna,get,a,chance,to,,
play,in,front,of,anybody,,,,,,,,,,,,
,,,,,,,,,,,,,,,,
Jennifer,Marty,one,rejection,isnt,the,end,of,the,world,,,,,,,
,,,,,,,,,,,,,,,,
Marty,Nah,I,just,dont,think,Im,cut,out,for,music,,,,,,
,,,,,,,,,,,,,,,,
Jennifer,But,youre,good,Marty,youre,really,good,And,this,audition,,,,,,
tape,of,your,is,great,you,gotta,send,it,in,to,the,record,company,Its,,
like,Docs,always,saying,,,,,,,,,,,,,
,,,,,,,,,,,,,,,,
Marty,Yeah,I,know,If,you,put,your,mind,to,it,you,could,accomplish,,,
anything,,,,,,,,,,,,,,,,
,,,,,,,,,,,,,,,,
Jennifer,Thats,good,advice,Marty,,,,,,,,,,,,
,,,,,,,,,,,,,,,,
Marty,Alright,okay,Jennifer,What,if,I,send,in,the,tape,and,they,dont,,,
like,it,I,mean,what,if,they,say,Im,no,good,What,if,they,say,Get,
out,of,here,kid,you,got,no,"future""",I,mean,I,just,dont,think,I,can,
take,that,kind,of,rejection,Jesus,Im,beginning,to,sound,like,my,old,,,,
man,,,,,,,,,,,,,,,,
,,,,,,,,,,,,,,,,
Jennifer,Cmon,hes,not,that,bad,At,least,hes,letting,you,borrow,the,,,,
car,tomorrow,night,,,,,,,,,,,,,,
,,,,,,,,,,,,,,,,
Marty,Check,out,that,four,by,four,That,is,hot,Someday,Jennifer,,,,,
someday,Wouldnt,it,be,great,to,take,that,truck,up,to,the,lake,Throw,a,,
couple,of,sleeping,bags,in,the,back,Lie,out,under,the,stars,,,,,
,,,,,,,,,,,,,,,,
Jennifer,Stop,it,,,,,,,,,,,,,,
,,,,,,,,,,,,,,,,
Marty,What?,,,,,,,,,,,,,,,
,,,,,,,,,,,,,,,,
Jennifer,Does,your,mom,know,about,tomorrow,night?,,,,,,,,,
,,,,,,,,,,,,,,,,
Marty,No,get,out,of,town,my,mom,thinks,Im,going,camping,with,the,,,
guys,Well,Jennifer,my,mother,would,freak,out,if,she,knew,I,was,going,,,
up,there,with,you,And,I,get,this,standard,lecture,about,how,she,never,,,
did,that,kind,of,stuff,when,she,was,a,kid,Now,look,I,think,she,was,
born,a,nun,,,,,,,,,,,,,,
,,,,,,,,,,,,,,,,
Jennifer,Shes,just,trying,to,keep,you,respectable,,,,,,,,,
,,,,,,,,,,,,,,,,
Marty,Well,shes,not,doing,a,very,good,job,,,,,,,,
,,,,,,,,,,,,,,,,
Woman,Save,the,clock,tower,save,the,clock,tower,Mayor,Wilson,is,,,,,
sponsoring,an,initiative,to,replace,that,clock,Thirty,years,ago,,,,,,,
lightning,struck,that,clock,tower,and,the,clock,hasnt,run,since,We,at,,,,
the,Hill,Valley,Preservation,Society,think,it,should,be,preserved,,,,,,,
exactly,the,way,it,is,as,part,of,our,history,and,heritage,,,,,
,,,,,,,,,,,,,,,,
Marty,Here,you,go,lady,Theres,a,quarter,,,,,,,,,
,,,,,,,,,,,,,,,,
Woman,Thank,you,dont,forget,to,take,a,flyer,,,,,,,,
,,,,,,,,,,,,,,,,
Marty,Right,,,,,,,,,,,,,,,
,,,,,,,,,,,,,,,,
Woman,Save,the,clock,tower,,,,,,,,,,,,
,,,,,,,,,,,,,,,,
Marty,Where,were,we,,,,,,,,,,,,,
,,,,,,,,,,,,,,,,
Jennifer,Right,about,here,,,,,,,,,,,,,
,,,,,,,,,,,,,,,,
Jennifers,Dad,Jennifer,,,,,,,,,,,,,,
,,,,,,,,,,,,,,,,
Jennifer,Its,my,dad,,,,,,,,,,,,,
,,,,,,,,,,,,,,,,
Marty,Right,,,,,,,,,,,,,,,
,,,,,,,,,,,,,,,,
Jennifer,Ive,gotta,go,,,,,,,,,,,,,
,,,,,,,,,,,,,,,,
Marty,Ill,call,you,tonight,,,,,,,,,,,,
,,,,,,,,,,,,,,,,
Jennifer,Ill,be,at,my,grandmas,Here,let,me,give,you,the,number,,,,
Bye,,,,,,,,,,,,,,,,
,,,,,,,,,,,,,,,,
Marty,Perfect,just,perfect,,,,,,,,,,,,,
,,,,,,,,,,,,,,,,
Biff,I,cant,believe,you,loaned,me,a,car,without,telling,me,it,had,a,,
blindspot,I,couldve,been,,,,,,,,,,,,,
,,,,,,,,,,,,,,,,
killed,,,,,,,,,,,,,,,,
,,,,,,,,,,,,,,,,
George,Now,now,Biff,now,I,never,noticed,any,blindspot,before,when,I,,,,
would,drive,it,Hi,,,,,,,,,,,,,
,,,,,,,,,,,,,,,,
son,,,,,,,,,,,,,,,,
,,,,,,,,,,,,,,,,
Biff,But,what,are,you,blind,McFly,its,there,How,else,do,you,explain,,,
that,wreck,out,there?,,,,,,,,,,,,,
,,,,,,,,,,,,,,,,
George,Now,Biff,um,can,I,assume,that,your,insurance,is,gonna,pay,for,,,
the,damage?,,,,,,,,,,,,,,,
,,,,,,,,,,,,,,,,
Biff,My,insurance,its,your,car,your,insurance,should,pay,for,it,,,,,
Hey,I,wanna,know,whos,,,,,,,,,,,,
,,,,,,,,,,,,,,,,
gonna,pay,for,this?,I,spilled,beer,all,over,it,when,that,car,smashed,,,
into,me,Whos,gonna,pay,,,,,,,,,,,,
,,,,,,,,,,,,,,,,
my,cleaning,bill?,,,,,,,,,,,,,,
,,,,,,,,,,,,,,,,
George,Uh?,,,,,,,,,,,,,,,
,,,,,,,,,,,,,,,,
Biff,And,wheres,my,reports?,,,,,,,,,,,,
,,,,,,,,,,,,,,,,
George,Uh,well,I,havent,finished,those,up,yet,but,you,know,I,,,,
figured,since,they,werent,due,,,,,,,,,,,,
,,,,,,,,,,,,,,,,
till-,,,,,,,,,,,,,,,,
,,,,,,,,,,,,,,,,
Biff,Hello,hello,anybody,home?,Think,McFly,think,I,gotta,have,time,,,,,
to,get,them,re-typed,,,,,,,,,,,,,
,,,,,,,,,,,,,,,,
Do,you,realize,what,would,happen,if,I,hand,in,my,reports,in,your,,,
handwriting,Ill,get,fired,You,,,,,,,,,,,,
,,,,,,,,,,,,,,,,
wouldnt,want,that,to,happen,would,you?,Would,you?,,,,,,,,
,,,,,,,,,,,,,,,,
George,Of,course,not,Biff,now,I,wouldnt,want,that,to,happen,Now,,,,
uh,Ill,finish,those,,,,,,,,,,,,,
,,,,,,,,,,,,,,,,
reports,up,tonight,and,Ill,run,em,them,on,over,first,thing,tomorrow,,,,
alright?,,,,,,,,,,,,,,,,
,,,,,,,,,,,,,,,,
Biff,Hey,not,too,early,I,sleep,in,on,Saturday,Oh,McFly,your,shoes,,,
untied,Dont,be,so,,,,,,,,,,,,,
,,,,,,,,,,,,,,,,
gullible,McFly,You,got,the,place,fixed,up,nice,McFly,I,have,youre,,,,
car,towed,all,the,way,to,,,,,,,,,,,
,,,,,,,,,,,,,,,,
your,house,and,all,youve,got,for,me,is,light,beer,What,are,you,looking,,
at,butthead,Say,hi,to,,,,,,,,,,,,
,,,,,,,,,,,,,,,,
your,mom,for,me,,,,,,,,,,,,,
,,,,,,,,,,,,,,,,
George,I,know,what,youre,gonna,say,son,and,youre,right,youre,,,,,
right,But,Biff,just,happens,,,,,,,,,,,,
,,,,,,,,,,,,,,,,
to,be,my,supervisor,and,Im,afraid,Im,not,very,good,at,confrontations,,,,
,,,,,,,,,,,,,,,,
Marty,The,car,Dad,I,mean,He,wrecked,it,totaled,it,I,needed,that,car,,
tomorrow,night,Dad,I,,,,,,,,,,,,,
,,,,,,,,,,,,,,,,
mean,do,you,have,any,idea,how,important,this,was,do,you,have,any,clue?,,
,,,,,,,,,,,,,,,,
George,I,know,and,all,I,could,say,is,Im,sorry,,,,,,
,,,,,,,,,,,,,,,,
George,Believe,me,Marty,youre,better,off,not,having,to,worry,about,,,,,
all,the,aggravation,and,,,,,,,,,,,,,
,,,,,,,,,,,,,,,,
headaches,of,playing,at,that,dance,,,,,,,,,,,
,,,,,,,,,,,,,,,,
David,Hes,absolutely,right,Marty,the,last,thing,you,need,is,,,,,,
headaches,,,,,,,,,,,,,,,,
,,,,,,,,,,,,,,,,
Lorraine,Kids,were,gonna,have,to,eat,this,cake,by,ourselves,Uncle,,,,,
Joey,didnt,make,parole,,,,,,,,,,,,,
,,,,,,,,,,,,,,,,
again,I,think,it,would,be,nice,if,you,all,dropped,him,a,line,,,
,,,,,,,,,,,,,,,,
Marty,Uncle,Jailbird,Joey?,,,,,,,,,,,,,
,,,,,,,,,,,,,,,,
David,Hes,your,brother,Mom,,,,,,,,,,,,
,,,,,,,,,,,,,,,,
Linda,Yeah,I,think,its,a,major,embarrassment,having,an,uncle,in,,,,,
prison,,,,,,,,,,,,,,,,
,,,,,,,,,,,,,,,,
Loraine,We,all,make,mistakes,in,life,children,,,,,,,,,
,,,,,,,,,,,,,,,,
David,God,dammit,Im,late,,,,,,,,,,,,
,,,,,,,,,,,,,,,,
Lorraine,David,watch,your,mouth,You,come,here,and,kiss,your,mother,,,,,
before,you,go,come,,,,,,,,,,,,,
,,,,,,,,,,,,,,,,
here,,,,,,,,,,,,,,,,
,,,,,,,,,,,,,,,,
David,Cmon,Mom,make,it,fast,Ill,miss,my,bus,Hey,see,you,tonight,,,
Pop,Woo,time,to,,,,,,,,,,,,,
,,,,,,,,,,,,,,,,
change,that,oil,,,,,,,,,,,,,,
,,,,,,,,,,,,,,,,
Linda,Hey,Marty,Im,not,your,answering,service,but,youre,outside,,,,,,
pouting,about,the,car,,,,,,,,,,,,,
,,,,,,,,,,,,,,,,
Jennifer,Parker,called,you,twice,,,,,,,,,,,,
,,,,,,,,,,,,,,,,
Lorraine,I,dont,like,her,Marty,Any,girl,who,calls,a,boy,is,just,,,
asking,for,trouble,,,,,,,,,,,,,,
,,,,,,,,,,,,,,,,
Linda,Oh,Mom,theres,nothing,wrong,with,calling,a,boy,,,,,,,
,,,,,,,,,,,,,,,,
Lorraine,I,think,its,terrible,Girls,chasing,boys,When,I,was,your,age,,,,
I,never,chased,a,boy,or,,,,,,,,,,,
,,,,,,,,,,,,,,,,
called,a,boy,or,sat,in,a,parked,car,with,a,boy,,,,,
,,,,,,,,,,,,,,,,
Linda,Then,how,am,I,supposed,to,ever,meet,anybody,,,,,,,
,,,,,,,,,,,,,,,,
Lorraine,Well,it,will,just,happen,Like,the,way,I,met,your,father,,,,
,,,,,,,,,,,,,,,,
Linda,That,was,so,stupid,Grandpa,hit,him,with,the,car,,,,,,
,,,,,,,,,,,,,,,,
Lorraine,It,was,meant,to,be,Anyway,if,Grandpa,hadnt,hit,him,then,,,,
none,of,you,would,have,,,,,,,,,,,,
,,,,,,,,,,,,,,,,
been,born,,,,,,,,,,,,,,,
,,,,,,,,,,,,,,,,
Linda,Yeah,well,I,still,dont,understand,what,Dad,was,doing,in,the,,,,
middle,of,the,street,,,,,,,,,,,,,
,,,,,,,,,,,,,,,,
Lorraine,What,was,it,George,bird,watching?,,,,,,,,,,
,,,,,,,,,,,,,,,,
George,What,Lorraine,what?,,,,,,,,,,,,,
,,,,,,,,,,,,,,,,
Lorraine,Anyway,Grandpa,hit,him,with,the,car,and,brought,him,into,the,,,,
house,He,seemed,,,,,,,,,,,,,,
,,,,,,,,,,,,,,,,
so,helpless,like,a,little,lost,puppy,my,heart,just,went,out,for,him,,,
,,,,,,,,,,,,,,,,
Linda,Yeah,Mom,we,know,youve,told,us,this,story,a,million,times,You,,,
felt,sorry,for,him,so,,,,,,,,,,,,
,,,,,,,,,,,,,,,,
you,decided,to,go,with,him,to,The,Fish,Under,The,Sea,Dance,,,,
,,,,,,,,,,,,,,,,
Lorraine,No,it,was,The,Enchantment,Under,The,Sea,Dance,Our,first,,,,,
date,It,was,the,night,,,,,,,,,,,,
,,,,,,,,,,,,,,,,
of,that,terrible,thunderstorm,remember,George?,Your,father,kissed,me,,,,,,,
for,the,very,first,time,,,,,,,,,,,,
,,,,,,,,,,,,,,,,
on,that,dance,floor,It,was,then,I,realized,I,was,going,to,spend,the,,
rest,of,my,life,with,him,,,,,,,,,,,
,,,,,,,,,,,,,,,,
Marty,Hello,,,,,,,,,,,,,,,
,,,,,,,,,,,,,,,,
Doc,Marty,you,didnt,fall,asleep,did,you?,,,,,,,,,
,,,,,,,,,,,,,,,,
Marty,Uh,Doc,uh,no,No,dont,be,silly,,,,,,,,
,,,,,,,,,,,,,,,,
Doc,Listen,this,is,very,important,I,forgot,my,video,camera,could,you,,,,
stop,by,my,place,and,,,,,,,,,,,,
,,,,,,,,,,,,,,,,
pick,it,up,on,your,way,to,the,mall?,,,,,,,,
,,,,,,,,,,,,,,,,
Marty,Um,yeah,Im,on,my,way,,,,,,,,,,
,,,,,,,,,,,,,,,,
Marty,Einstein,hey,Einstein,wheres,the,Doc,boy,huh?,Doc,,,,,,,
,,,,,,,,,,,,,,,,
Doc,Marty,you,made,it,,,,,,,,,,,,
,,,,,,,,,,,,,,,,
Marty,Yeah,,,,,,,,,,,,,,,
,,,,,,,,,,,,,,,,
Doc,Welcome,to,my,latest,experiment,Its,the,one,Ive,been,waiting,for,,,,
all,my,life,,,,,,,,,,,,,,
,,,,,,,,,,,,,,,,
Marty,Um,well,its,a,deloreon,right?,,,,,,,,,,
,,,,,,,,,,,,,,,,
Doc,Bare,with,me,Marty,all,of,your,questions,will,be,answered,Roll,,,,
tape,well,proceed,,,,,,,,,,,,,,
,,,,,,,,,,,,,,,,
Marty,Doc,is,that,a,de-,,,,,,,,,,,
,,,,,,,,,,,,,,,,
Doc,Never,mind,that,now,never,mind,that,now,,,,,,,,
,,,,,,,,,,,,,,,,
Marty,Alright,Im,ready,,,,,,,,,,,,,
,,,,,,,,,,,,,,,,
Doc,Good,evening,Im,Doctor,Emmett,Brown,Im,standing,on,the,parking,,,,,
lot,of,Twin,Pines,,,,,,,,,,,,,
,,,,,,,,,,,,,,,,
Mall,Its,Saturday,morning,October,26,1985,1,18,am,and,this,is,,,,
temporal,experiment,,,,,,,,,,,,,,,
,,,,,,,,,,,,,,,,
number,one,Cmon,Einy,hey,hey,boy,get,in,there,that,a,boy,in,you,,
go,get,down,thats,it,,,,,,,,,,,,
,,,,,,,,,,,,,,,,
Marty,Whoa,whoa,okay,,,,,,,,,,,,,
,,,,,,,,,,,,,,,,
Doc,Please,note,that,Einsteins,clock,is,in,complete,synchronization,,,,,,,
with,my,control,watch,,,,,,,,,,,,,
,,,,,,,,,,,,,,,,
Marty,Right,check,Doc,,,,,,,,,,,,,
,,,,,,,,,,,,,,,,
Doc,Good,Have,a,good,trip,Einstein,watch,your,head,,,,,,,
,,,,,,,,,,,,,,,,
Marty,You,have,this,thing,hooked,up,to,the,car?,,,,,,,
,,,,,,,,,,,,,,,,
Doc,Watch,this,Not,me,the,car,the,car,My,calculations,are,correct,,,,
when,this,baby,hits,,,,,,,,,,,,,
,,,,,,,,,,,,,,,,
eighty-eight,miles,per,hour,your,gonna,see,some,serious,shit,Watch,,,,,,
this,watch,this,Ha,,,,,,,,,,,,,
,,,,,,,,,,,,,,,,
what,did,I,tell,you,eighty-eight,miles,per,hour,The,temporal,,,,,,
displacement,occurred,at,exactly,,,,,,,,,,,,,
,,,,,,,,,,,,,,,,
1,20,am,and,zero,seconds,,,,,,,,,,,
,,,,,,,,,,,,,,,,
Marty,Hot,Jesus,Christ,Doc,Jesus,Christ,Doc,you,disintegrated,,,,,,,
Einstein,,,,,,,,,,,,,,,,
,,,,,,,,,,,,,,,,
Doc,Calm,down,Marty,I,didnt,disintegrate,anything,The,molecular,,,,,,,
structure,of,Einstein,and,,,,,,,,,,,,,
,,,,,,,,,,,,,,,,
the,car,are,completely,intact,,,,,,,,,,,,
,,,,,,,,,,,,,,,,
Marty,Where,the,hell,are,they,,,,,,,,,,,
,,,,,,,,,,,,,,,,
Doc,The,appropriate,question,is,werent,the,hell,are,they,Einstein,,,,,,
has,just,become,the,,,,,,,,,,,,,
,,,,,,,,,,,,,,,,
worlds,first,time,traveler,I,sent,him,into,the,future,One,minute,into,,,,
the,future,to,be,exact,,,,,,,,,,,,
,,,,,,,,,,,,,,,,
And,at,exactly,1,21,am,we,should,cat,h,up,with,him,and,the,time,
machine,,,,,,,,,,,,,,,,
,,,,,,,,,,,,,,,,
Marty,Wait,a,minute,wait,a,minute,Doc,are,you,telling,me,that,you,,,
built,a,time,machine,out,of,,,,,,,,,,,
,,,,,,,,,,,,,,,,
a,deloreon,,,,,,,,,,,,,,,
,,,,,,,,,,,,,,,,
Doc,The,way,I,see,it,if,youre,gonna,build,a,time,machine,into,a,car,
why,not,do,it,with,some,,,,,,,,,,,
,,,,,,,,,,,,,,,,
style,Besides,the,stainless,steel,construction,made,the,flux,,,,,,,,
dispersal-,look,out,,,,,,,,,,,,,,
,,,,,,,,,,,,,,,,
Marty,What,what,is,it,hot?,,,,,,,,,,,
,,,,,,,,,,,,,,,,
Doc,Its,cold,damn,cold,Ha,ha,ha,Einstein,you,little,devil,,,,,
Einsteins,clock,is,exactly,one,,,,,,,,,,,,
,,,,,,,,,,,,,,,,
minute,behind,mine,its,still,ticking,,,,,,,,,,,
,,,,,,,,,,,,,,,,
Marty,Hes,alright,,,,,,,,,,,,,,
,,,,,,,,,,,,,,,,
Doc,Hes,fine,and,hes,completely,unaware,that,anything,happened,As,,,,,,
far,as,hes,concerned,,,,,,,,,,,,,
,,,,,,,,,,,,,,,,
the,trip,was,instantaneous,Thats,why,Einsteins,watch,is,exactly,one,,,,,,
minute,behind,mine,He,,,,,,,,,,,,,
,,,,,,,,,,,,,,,,
skipped,over,that,minute,to,instantly,arrive,at,this,moment,in,time,,,,,
Come,here,Ill,show,you,,,,,,,,,,,,
,,,,,,,,,,,,,,,,
how,it,works,First,you,turn,the,time,circuits,on,This,readout,tell,,,,
you,where,youre,going,this,,,,,,,,,,,,
,,,,,,,,,,,,,,,,
one,tells,you,where,you,are,this,one,tells,you,where,you,were,You,,,
imput,the,destination,time,,,,,,,,,,,,,
,,,,,,,,,,,,,,,,
on,this,keypad,Say,you,wanna,see,the,signing,of,the,declaration,of,,,,
independence,or,witness,,,,,,,,,,,,,,
,,,,,,,,,,,,,,,,
the,birth,or,Christ,Heres,a,red-letter,date,in,the,history,of,science,,,,
November,5,1955,Yes,of,,,,,,,,,,,,
,,,,,,,,,,,,,,,,
course,November,5,1955,,,,,,,,,,,,,
,,,,,,,,,,,,,,,,
Marty,What,I,dont,get,what,happened,,,,,,,,,,
,,,,,,,,,,,,,,,,
Doc,That,was,the,day,I,invented,time,travel,I,remember,it,vividly,I,,,
was,standing,on,the,edge,,,,,,,,,,,,
,,,,,,,,,,,,,,,,
of,my,toilet,hanging,a,clock,the,porces,was,wet,I,slipped,hit,my,head,,
on,the,edge,of,the,sink,,,,,,,,,,,
,,,,,,,,,,,,,,,,
And,when,I,came,to,I,had,a,revelation,a,picture,a,picture,in,my,head,
a,picture,of,this,This,is,,,,,,,,,,,
,,,,,,,,,,,,,,,,
what,makes,time,travel,possible,The,flux,capacitor,,,,,,,,,
,,,,,,,,,,,,,,,,
Marty,The,flux,capacitor,,,,,,,,,,,,,
,,,,,,,,,,,,,,,,
Doc,Its,taken,me,almost,thirty,years,and,my,entire,family,fortune,to,,,,
realize,the,vision,of,that,,,,,,,,,,,,
,,,,,,,,,,,,,,,,
day,my,god,has,it,been,that,long,Things,have,certainly,changed,around,,,,
here,I,remember,,,,,,,,,,,,,,
,,,,,,,,,,,,,,,,
when,this,was,all,farmland,as,far,as,the,eye,could,see,Old,man,Peabody,,
owned,all,of,this,,,,,,,,,,,,,
,,,,,,,,,,,,,,,,
He,had,this,crazy,idea,about,breeding,pine,trees,,,,,,,,
,,,,,,,,,,,,,,,,
Marty,This,is,uh,this,is,heavy,duty,Doc,this,is,great,Uh,does,it,,
run,on,regular,unleaded,,,,,,,,,,,,,
,,,,,,,,,,,,,,,,
gasoline?,,,,,,,,,,,,,,,,
,,,,,,,,,,,,,,,,
Doc,Unfortunately,no,it,requires,something,with,a,little,more,kick,,,,,,
plutonium,,,,,,,,,,,,,,,,
,,,,,,,,,,,,,,,,
Marty,Uh,plutonium,wait,a,minute,are,you,telling,me,that,this,,,,,
suckers,nuclear?,,,,,,,,,,,,,,,
,,,,,,,,,,,,,,,,
Doc,Hey,hey,keep,rolling,keep,rolling,there,No,no,no,no,this,,,,
suckers,electrical,But,I,,,,,,,,,,,,,
,,,,,,,,,,,,,,,,
need,a,nuclear,reaction,to,generate,the,one,point,twenty-one,gigawatts,,,,,,
of,electricity,that,I,need,,,,,,,,,,,,
,,,,,,,,,,,,,,,,
Marty,Doc,you,dont,just,walk,into,a,store,and,ask,for,plutonium,Did,,,
you,rip,this,off?,,,,,,,,,,,,,
,,,,,,,,,,,,,,,,
Doc,Of,course,from,a,group,of,Libyan,Nationalists,They,wanted,me,to,,,,
build,them,a,bomb,so,,,,,,,,,,,,
,,,,,,,,,,,,,,,,
I,took,their,plutonium,and,in,turn,gave,them,a,shiny,bomb,case,full,of,,
used,pinball,machine,,,,,,,,,,,,,,
,,,,,,,,,,,,,,,,
parts,,,,,,,,,,,,,,,,
,,,,,,,,,,,,,,,,
Marty,Jesus,,,,,,,,,,,,,,,
,,,,,,,,,,,,,,,,
Doc,Lets,get,you,into,a,radiation,suit,we,must,prepare,to,reload,,,,
,,,,,,,,,,,,,,,,
Doc,Safe,now,everythings,let,lined,Dont,you,lose,those,tapes,now,,,,,
well,need,a,record,,,,,,,,,,,,,
,,,,,,,,,,,,,,,,
Wup,wup,I,almost,forgot,my,luggage,Who,knows,if,theyve,got,cotton,,,,
underwear,in,the,,,,,,,,,,,,,,
,,,,,,,,,,,,,,,,
future,Im,allergic,to,all,synthetics,,,,,,,,,,,
,,,,,,,,,,,,,,,,
Marty,The,future,its,where,youre,going?,,,,,,,,,,
,,,,,,,,,,,,,,,,
Doc,Thats,right,twenty,five,years,into,the,future,Ive,always,,,,,,
dreamed,on,seeing,the,future,,,,,,,,,,,,
,,,,,,,,,,,,,,,,
looking,beyond,my,years,seeing,the,progress,of,mankind,Ill,also,be,,,,,
able,to,see,who,wins,the,,,,,,,,,,,
,,,,,,,,,,,,,,,,
next,twenty-five,world,series,,,,,,,,,,,,,
,,,,,,,,,,,,,,,,
Marty,Uh,Doc,,,,,,,,,,,,,,
,,,,,,,,,,,,,,,,
Doc,Huh?,,,,,,,,,,,,,,,
,,,,,,,,,,,,,,,,
Marty,Uh,look,me,up,when,you,get,there,,,,,,,,
,,,,,,,,,,,,,,,,
Doc,Indeed,I,will,roll,em,I,Doctor,Emmett,Brown,am,about,to,embark,,,
on,an,historic,journey,,,,,,,,,,,,,
,,,,,,,,,,,,,,,,
What,have,I,been,thinking,of,I,almost,forgot,to,bring,some,extra,,,,
plutonium,How,did,I,ever,,,,,,,,,,,,
,,,,,,,,,,,,,,,,
expect,to,get,back,one,pallet,one,trip,I,must,be,out,of,my,mind,What,
is,it,Einy?,Oh,my,god,,,,,,,,,,,
,,,,,,,,,,,,,,,,
they,found,me,I,dont,know,how,but,they,found,me,Run,for,it,Marty,,
,,,,,,,,,,,,,,,,
Marty,Who,who?,,,,,,,,,,,,,,
,,,,,,,,,,,,,,,,
Doc,Who,do,you,think,the,Libyans,,,,,,,,,,
,,,,,,,,,,,,,,,,
Marty,Holy,shit,,,,,,,,,,,,,,
,,,,,,,,,,,,,,,,
Doc,Unroll,their,fire,,,,,,,,,,,,,
,,,,,,,,,,,,,,,,
Marty,Doc,wait,No,bastards,,,,,,,,,,,,
,,,,,,,,,,,,,,,,
Libyan,Go,Go,,,,,,,,,,,,,,
,,,,,,,,,,,,,,,,
Marty,Cmon,more,dammit,Jeez,Holy,shit,Lets,see,if,you,bastards,,,,,
can,do,ninety,,,,,,,,,,,,,,
,,,,,,,,,,,,,,,,
Marty,Ahh,Ahh,,,,,,,,,,,,,,
,,,,,,,,,,,,,,,,
Mother,Pa,what,is,it?,What,is,it,Pa?,,,,,,,,
,,,,,,,,,,,,,,,,
Father,Looks,like,a,airplane,without,wings,,,,,,,,,,
,,,,,,,,,,,,,,,,
Son,That,aint,no,airplane,look,,,,,,,,,,,
,,,,,,,,,,,,,,,,
Mother,&,Father,Ahh,,,,,,,,,,,,,
,,,,,,,,,,,,,,,,
Father,Children,,,,,,,,,,,,,,,
,,,,,,,,,,,,,,,,
Marty,Listen,woh,Hello,uh,excuse,me,Sorry,about,your,barn,,,,,,
,,,,,,,,,,,,,,,,
Son,Its,already,mutated,intro,human,form,shoot,it,,,,,,,,
,,,,,,,,,,,,,,,,
Father,Take,that,you,mutated,son-of-a-bitch,My,pine,why,you,You,,,,,,
space,bastard,you,killed,,,,,,,,,,,,,
,,,,,,,,,,,,,,,,
a,pine,,,,,,,,,,,,,,,
,,,,,,,,,,,,,,,,
Marty,Alright,alright,okay,McFly,get,a,grip,on,yourself,Its,all,a,,,,
dream,Just,a,very,intense,,,,,,,,,,,,
,,,,,,,,,,,,,,,,
dream,Woh,hey,listen,you,gotta,help,me,,,,,,,,,
,,,,,,,,,,,,,,,,
Passenger,Dont,stop,Wilbert,drive,,,,,,,,,,,,
,,,,,,,,,,,,,,,,
Marty,Cant,be,This,is,nuts,Aw,cmon,,,,,,,,,
,,,,,,,,,,,,,,,,
Election,Van,Remember,fellas,the,future,is,in,your,hands,If,you,,,,,
believe,in,progress,re-elect,,,,,,,,,,,,,
,,,,,,,,,,,,,,,,
Mayor,Red,Thomas,progress,is,his,middle,name,Mayor,Red,Thomass,,,,,,
progress,platform,,,,,,,,,,,,,,,
,,,,,,,,,,,,,,,,
means,more,jobs,better,education,bigger,civic,improvements,and,lower,,,,,,,
taxes,On,election,,,,,,,,,,,,,,
,,,,,,,,,,,,,,,,
day,cast,your,vote,for,a,proven,leader,re-elect,Mayor,Red,Thomas,,,,,
,,,,,,,,,,,,,,,,
Marty,this,has,gotta,be,a,dream,,,,,,,,,,
,,,,,,,,,,,,,,,,
Lou,Hey,kid,what,you,do,jump,ship?,,,,,,,,,
,,,,,,,,,,,,,,,,
Marty,What?,,,,,,,,,,,,,,,
,,,,,,,,,,,,,,,,
Lou,Whats,with,the,life,preserver?,,,,,,,,,,,
,,,,,,,,,,,,,,,,
Marty,I,just,wanna,use,the,phone,,,,,,,,,,
,,,,,,,,,,,,,,,,
Lou,Yeah,its,in,the,back,,,,,,,,,,,
,,,,,,,,,,,,,,,,
Marty,Brown,Brown,Brown,Brown,Brown,great,youre,alive,Do,you,,,,,,
know,where,1640,,,,,,,,,,,,,,
,,,,,,,,,,,,,,,,
Riverside-,,,,,,,,,,,,,,,,
,,,,,,,,,,,,,,,,
Lou,Are,you,gonna,order,something,kid?,,,,,,,,,,
,,,,,,,,,,,,,,,,
Marty,Yeah,gimme,a,Tab,,,,,,,,,,,,
,,,,,,,,,,,,,,,,
Lou,Tab?,I,cant,give,you,a,tab,unless,you,order,something,,,,,
,,,,,,,,,,,,,,,,
Marty,Right,gimme,a,Pepsi,free,,,,,,,,,,,
,,,,,,,,,,,,,,,,
Lou,You,wanna,a,Pepsi,pall,youre,gonna,pay,for,it,,,,,,
,,,,,,,,,,,,,,,,
Marty,Well,just,gimme,something,without,any,sugar,in,it,okay?,,,,,,
,,,,,,,,,,,,,,,,
Lou,Without,any,sugar,,,,,,,,,,,,,
,,,,,,,,,,,,,,,,
Biff,Hey,McFly,what,do,you,think,youre,doing,,,,,,,,
,,,,,,,,,,,,,,,,
Marty,Biff,,,,,,,,,,,,,,,
,,,,,,,,,,,,,,,,
Biff,Hey,Im,talking,to,you,McFly,you,Irish,bug,,,,,,,
,,,,,,,,,,,,,,,,
George,Oh,hey,Biff,hey,guys,how,are,you,doing?,,,,,,,
,,,,,,,,,,,,,,,,
Biff,Yeah,you,got,my,homework,finished,McFly?,,,,,,,,,
,,,,,,,,,,,,,,,,
George,Uh,well,actually,I,figured,since,it,wasnt,due,till,Monday-,,,,,
,,,,,,,,,,,,,,,,
Biff,Hello,hello,anybody,home?,Think,McFly,think,I,gotta,have,time,,,,,
to,recopy,it,Do,your,,,,,,,,,,,,
,,,,,,,,,,,,,,,,
realize,what,would,happen,if,I,hand,in,my,homework,in,your,handwriting?,,,,
Id,get,kicked,out,of,,,,,,,,,,,,
,,,,,,,,,,,,,,,,
school,You,wouldnt,want,that,to,happen,would,you,would,you?,,,,,,
,,,,,,,,,,,,,,,,
George,Now,of,course,not,Biff,now,I,wouldnt,want,that,to,happen,,,,
,,,,,,,,,,,,,,,,
Biff,Uh,no,no,no,no,What,are,you,looking,at,butt-head?,,,,,
,,,,,,,,,,,,,,,,
Skinhead,Hey,Biff,check,out,this,guys,life,preserver,dork,thinks,,,,,,
hes,gonna,drown,,,,,,,,,,,,,,
,,,,,,,,,,,,,,,,
Biff,Yeah,well,how,about,my,homework,McFly?,,,,,,,,,
,,,,,,,,,,,,,,,,
George,Uh,well,okay,Biff,uh,Ill,finish,that,on,up,tonight,and,Ill,,,
bring,it,over,first,thing,,,,,,,,,,,,
,,,,,,,,,,,,,,,,
tomorrow,morning,,,,,,,,,,,,,,,
,,,,,,,,,,,,,,,,
Biff,Hey,not,too,early,I,sleep,in,Sundays,hey,McFly,youre,shoes,,,,
untied,dont,be,so,gullible,,,,,,,,,,,,
,,,,,,,,,,,,,,,,
McFly,,,,,,,,,,,,,,,,
,,,,,,,,,,,,,,,,
George,Okay,,,,,,,,,,,,,,,
,,,,,,,,,,,,,,,,
Biff,I,dont,wanna,see,you,in,here,again,,,,,,,,
,,,,,,,,,,,,,,,,
George,Yeah,alright,bye-bye,What?,,,,,,,,,,,,
,,,,,,,,,,,,,,,,
Marty,Youre,George,McFly,,,,,,,,,,,,,
,,,,,,,,,,,,,,,,
George,Yeah,who,are,you?,,,,,,,,,,,,
,,,,,,,,,,,,,,,,
Goldie,Say,why,do,you,let,those,boys,push,you,around,like,that?,,,,
,,,,,,,,,,,,,,,,
George,Well,theyre,bigger,than,me,,,,,,,,,,,
,,,,,,,,,,,,,,,,
Goldie,Stand,tall,boy,have,some,respect,for,yourself,Dont,you,know,,,,,
that,if,you,let,people,,,,,,,,,,,,
,,,,,,,,,,,,,,,,
walk,all,over,you,know,theyll,be,walking,all,over,you,for,the,rest,of,,
your,life?,Listen,to,me,do,,,,,,,,,,,
,,,,,,,,,,,,,,,,
you,think,Im,gonna,spend,the,rest,of,my,life,in,this,slop,house?,,,
,,,,,,,,,,,,,,,,
Lou,Watch,it,Goldie,,,,,,,,,,,,,
,,,,,,,,,,,,,,,,
Goldie,No,sir,Im,gonna,make,something,out,of,myself,Im,going,to,,,,
night,school,and,one,day,,,,,,,,,,,,
,,,,,,,,,,,,,,,,
Im,gonna,be,somebody,,,,,,,,,,,,,
,,,,,,,,,,,,,,,,
Marty,Thats,right,hes,gonna,be,mayor,,,,,,,,,,
,,,,,,,,,,,,,,,,
Goldie,Yeah,Im-,mayor,Now,thats,a,good,idea,I,could,run,for,mayor,,,
,,,,,,,,,,,,,,,,
Lou,A,colored,mayor,thatll,be,the,day,,,,,,,,,
,,,,,,,,,,,,,,,,
Goldie,You,wait,and,see,Mr,Caruthers,I,will,be,mayor,and,Ill,be,the,,
most,powerful,mayor,in,,,,,,,,,,,,,
,,,,,,,,,,,,,,,,
the,history,of,Hill,Valley,and,Im,gonna,clean,up,this,town,,,,,
,,,,,,,,,,,,,,,,
Lou,Good,you,could,start,by,sweeping,the,floor,,,,,,,,
,,,,,,,,,,,,,,,,
Goldie,Mayor,Goldie,Wilson,I,like,the,sound,of,that,,,,,,,
,,,,,,,,,,,,,,,,
Marty,Hey,Dad,George,hey,you,on,the,bike,,,,,,,,
,,,,,,,,,,,,,,,,
Marty,Hes,a,peeping,tom,Dad,,,,,,,,,,,
,,,,,,,,,,,,,,,,
Sam,Hey,wait,wait,a,minute,who,are,you?,Stella,another,one,of,these,,,
damn,kids,jumped,in,,,,,,,,,,,,,
,,,,,,,,,,,,,,,,
front,of,my,car,Come,on,out,here,help,me,take,him,in,the,house,,
,,,,,,,,,,,,,,,,
Marty,Mom,is,that,you?,,,,,,,,,,,,
,,,,,,,,,,,,,,,,
Lorraine,There,there,now,just,relax,Youve,been,asleep,for,almost,,,,,,
nine,hours,now,,,,,,,,,,,,,,
,,,,,,,,,,,,,,,,
Marty,I,had,a,horrible,nightmare,dreamed,I,went,back,in,time,it,was,,,
terrible,,,,,,,,,,,,,,,,
,,,,,,,,,,,,,,,,
Lorraine,Well,safe,and,sound,now,n,good,old,1955,,,,,,,
,,,,,,,,,,,,,,,,
Marty,1955?,Youre,my,ma-,youre,my,ma,,,,,,,,,
,,,,,,,,,,,,,,,,
Lorraine,My,names,Lorraine,Lorraine,Baines,,,,,,,,,,,
,,,,,,,,,,,,,,,,
Marty,Yeah,but,youre,uh,youre,so,youre,so,thin,,,,,,,
,,,,,,,,,,,,,,,,
Lorraine,Just,relax,now,Calvin,youve,got,a,big,bruise,on,youre,head,,,,
,,,,,,,,,,,,,,,,
Marty,Ah,wherere,my,pants?,,,,,,,,,,,,
,,,,,,,,,,,,,,,,
Lorraine,Over,there,on,my,hope,chest,Ive,never,seen,purple,underwear,,,,,
before,Calvin,,,,,,,,,,,,,,,
,,,,,,,,,,,,,,,,
Marty,Calvin,why,do,you,keep,calling,me,Calvin?,,,,,,,,
,,,,,,,,,,,,,,,,
Lorraine,Well,thats,your,name,isnt,it?,Calvin,Klein,its,written,,,,,,
all,over,your,underwear,Oh,,,,,,,,,,,,
,,,,,,,,,,,,,,,,
I,guess,they,call,you,Cal,huh?,,,,,,,,,,
,,,,,,,,,,,,,,,,
Marty,Actually,people,call,me,Marty,,,,,,,,,,,
,,,,,,,,,,,,,,,,
Lorraine,Oh,pleased,to,meet,you,Calvin,Marty,Klein,Do,you,mind,if,I,,,
sit,here?,,,,,,,,,,,,,,,
,,,,,,,,,,,,,,,,
Marty,No,fine,no,good,fine,good,,,,,,,,,,
,,,,,,,,,,,,,,,,
Lorraine,Thats,a,big,bruise,you,have,there,,,,,,,,,
,,,,,,,,,,,,,,,,
Marty,Ah,,,,,,,,,,,,,,,
,,,,,,,,,,,,,,,,
Stella,Lorraine,are,you,up,there?,,,,,,,,,,,
,,,,,,,,,,,,,,,,
Lorraine,My,god,its,my,mother,Put,your,pants,back,on,,,,,,
,,,,,,,,,,,,,,,,
Stella,So,tell,me,Marty,how,long,have,you,been,in,port?,,,,,
,,,,,,,,,,,,,,,,
Marty,Excuse,me,,,,,,,,,,,,,,
,,,,,,,,,,,,,,,,
Stella,Yeah,I,guessed,youre,a,sailor,arent,you,thats,why,you,wear,,,,
that,life,preserver,,,,,,,,,,,,,,
,,,,,,,,,,,,,,,,
Marty,Uh,coast,guard,,,,,,,,,,,,,
,,,,,,,,,,,,,,,,
Stella,Sam,heres,the,young,man,you,hit,with,your,car,out,there,Hes,,,
alright,thank,god,,,,,,,,,,,,,,
,,,,,,,,,,,,,,,,
Sam,What,were,you,doing,in,the,middle,of,the,street,a,kid,your,age,,
,,,,,,,,,,,,,,,,
Stella,Dont,pay,any,attention,to,him,hes,in,one,of,his,moods,Sam,,,
quit,fiddling,with,that,,,,,,,,,,,,,
,,,,,,,,,,,,,,,,
thing,come,in,here,to,dinner,Now,lets,see,you,already,know,Lorraine,,,,
this,is,Milton,this,is,,,,,,,,,,,,
,,,,,,,,,,,,,,,,
Sally,thats,Toby,and,over,there,in,the,playpen,is,little,baby,Joey,,,,
,,,,,,,,,,,,,,,,
Marty,So,youre,my,Uncle,Joey,Better,get,used,to,these,bars,kid,,,,
,,,,,,,,,,,,,,,,
Stella,yes,Joey,just,loves,being,in,his,playpen,he,cries,whenever,we,,,,
take,him,out,so,we,just,,,,,,,,,,,
,,,,,,,,,,,,,,,,
leave,him,in,there,all,the,time,Well,Marty,I,hope,you,like,meatloaf,,,
,,,,,,,,,,,,,,,,
Marty,Well,uh,listen,uh,I,really-,,,,,,,,,,
,,,,,,,,,,,,,,,,
Lorraine,Sit,here,Marty,,,,,,,,,,,,,
,,,,,,,,,,,,,,,,
Stella,Sam,quit,fiddling,with,that,thing,and,come,in,here,and,eat,your,,,
dinner,,,,,,,,,,,,,,,,
,,,,,,,,,,,,,,,,
Sam,Ho,ho,ho,look,at,it,roll,Now,we,could,watch,Jackie,Gleason,while,,
we,eat,,,,,,,,,,,,,,,
,,,,,,,,,,,,,,,,
Lorraine,Our,first,television,set,Dad,just,picked,it,up,today,Do,you,,,,
have,a,television?,,,,,,,,,,,,,,
,,,,,,,,,,,,,,,,
Marty,Well,yeah,you,know,we,have,two,of,them,,,,,,,
,,,,,,,,,,,,,,,,
Milton,Wow,you,must,be,rich,,,,,,,,,,,
,,,,,,,,,,,,,,,,
Stella,Oh,honey,hes,teasing,you,nobody,has,two,television,sets,,,,,,
,,,,,,,,,,,,,,,,
Marty,Hey,hey,Ive,seen,this,one,Ive,seen,this,one,This,is,a,,,
classic,this,is,where,Ralph,,,,,,,,,,,,
,,,,,,,,,,,,,,,,
dresses,up,as,the,man,from,space,,,,,,,,,,
,,,,,,,,,,,,,,,,
Milton,What,do,you,mean,youve,seen,this,its,brand,new,,,,,,
,,,,,,,,,,,,,,,,
Marty,Yeah,well,I,saw,it,on,a,rerun,,,,,,,,
,,,,,,,,,,,,,,,,
Milton,Whats,a,rerun?,,,,,,,,,,,,,
,,,,,,,,,,,,,,,,
Marty,Youll,find,out,,,,,,,,,,,,,
,,,,,,,,,,,,,,,,
Stella,You,know,Marty,you,look,so,familiar,do,I,know,your,mother?,,,,
,,,,,,,,,,,,,,,,
Marty,Yeah,I,think,maybe,you,do,,,,,,,,,,
,,,,,,,,,,,,,,,,
Stella,Oh,then,I,wanna,give,her,a,call,I,dont,want,her,to,worry,,
about,you,,,,,,,,,,,,,,,
,,,,,,,,,,,,,,,,
Marty,You,cant,uh,that,is,uh,nobodys,home,,,,,,,,
,,,,,,,,,,,,,,,,
Stella,Oh,,,,,,,,,,,,,,,
,,,,,,,,,,,,,,,,
Marty,Yet,,,,,,,,,,,,,,,
,,,,,,,,,,,,,,,,
Stella,Oh,,,,,,,,,,,,,,,
,,,,,,,,,,,,,,,,
Marty,Uh,listen,do,you,know,where,Riverside,Drive,is?,,,,,,,
,,,,,,,,,,,,,,,,
Sam,Its,uh,the,other,end,of,town,a,block,past,Maple,,,,,
,,,,,,,,,,,,,,,,
Marty,A,block,passed,Maple,thats,John,F,Kennedy,Drive,,,,,,,
,,,,,,,,,,,,,,,,
Sam,Who,the,hell,is,John,F,Kennedy?,,,,,,,,,
,,,,,,,,,,,,,,,,
Lorraine,Mother,with,Martys,parents,out,of,town,dont,you,think,he,,,,,
oughta,spend,the,night,,,,,,,,,,,,,
,,,,,,,,,,,,,,,,
after,all,Dad,almost,killed,him,with,the,car,,,,,,,,
,,,,,,,,,,,,,,,,
Stella,Thats,TRUE,Marty,I,think,you,should,spend,the,night,I,think,,,,
youre,our,responsibility,,,,,,,,,,,,,,
,,,,,,,,,,,,,,,,
Marty,Well,gee,I,dont,know,,,,,,,,,,,
,,,,,,,,,,,,,,,,
Lorraine,And,he,could,sleep,in,my,room,,,,,,,,,
,,,,,,,,,,,,,,,,
Marty,I,gotta,go,uh,I,gotta,go,Thanks,very,much,it,was,wonderful,,,
you,were,all,great,See,,,,,,,,,,,,
,,,,,,,,,,,,,,,,
you,all,later,much,later,,,,,,,,,,,,
,,,,,,,,,,,,,,,,
Stella,Hes,a,very,strange,young,man,,,,,,,,,,
,,,,,,,,,,,,,,,,
Sam,hes,an,idiot,comes,from,upbringing,parents,were,probably,idiots,,,,,,
too,Lorraine,if,you,,,,,,,,,,,,,
,,,,,,,,,,,,,,,,
ever,have,a,kid,like,that,Ill,disown,you,,,,,,,,
,,,,,,,,,,,,,,,,
Marty,Doc?,,,,,,,,,,,,,,,
,,,,,,,,,,,,,,,,
Doc,Dont,say,a,word,,,,,,,,,,,,
,,,,,,,,,,,,,,,,
Marty,Doc,,,,,,,,,,,,,,,
,,,,,,,,,,,,,,,,
Doc,I,dont,wanna,know,your,name,I,dont,wanna,know,anything,anything,,,,
about,you,,,,,,,,,,,,,,,
,,,,,,,,,,,,,,,,
Marty,Listen,Doc,,,,,,,,,,,,,,
,,,,,,,,,,,,,,,,
Doc,Quiet,,,,,,,,,,,,,,,
,,,,,,,,,,,,,,,,
Marty,Doc,Doc,its,me,Marty,,,,,,,,,,,
,,,,,,,,,,,,,,,,
Doc,Dont,tell,me,anything,,,,,,,,,,,,
,,,,,,,,,,,,,,,,
Marty,Doc,you,gotta,help-,,,,,,,,,,,,
,,,,,,,,,,,,,,,,
Doc,Quiet,quiet,Im,gonna,read,your,thoughts,Lets,see,now,youve,,,,,
come,from,a,great,,,,,,,,,,,,,
,,,,,,,,,,,,,,,,
distance?,,,,,,,,,,,,,,,,
,,,,,,,,,,,,,,,,
Marty,Yeah,exactly,,,,,,,,,,,,,,
,,,,,,,,,,,,,,,,
Doc,Dont,tell,me,Uh,you,want,me,to,buy,a,subscription,to,the,,,
Saturday,Evening,Post?,,,,,,,,,,,,,,
,,,,,,,,,,,,,,,,
Marty,No,,,,,,,,,,,,,,,
,,,,,,,,,,,,,,,,
Doc,Not,a,word,not,a,word,not,a,word,now,Quiet,uh,donations,you,,
want,me,to,make,a,,,,,,,,,,,,
,,,,,,,,,,,,,,,,
donation,to,the,coast,guard,youth,auxiliary?,,,,,,,,,,
,,,,,,,,,,,,,,,,
Marty,Doc,Im,from,the,future,I,came,here,in,a,time,machine,that,you,,
invented,Now,I,need,,,,,,,,,,,,,
,,,,,,,,,,,,,,,,
your,help,to,get,back,to,the,year,1985,,,,,,,,
,,,,,,,,,,,,,,,,
Doc,My,god,do,you,know,what,this,means?,It,means,that,this,damn,thing,,
doesnt,work,at,all,,,,,,,,,,,,,
,,,,,,,,,,,,,,,,
Marty,Doc,you,gotta,help,me,you,were,the,only,one,who,knows,how,your,,
time,machine,,,,,,,,,,,,,,,
,,,,,,,,,,,,,,,,
works,,,,,,,,,,,,,,,,
,,,,,,,,,,,,,,,,
Doc,Time,machine,I,havent,invented,any,time,machine,,,,,,,,
,,,,,,,,,,,,,,,,
Marty,Okay,alright,Ill,prove,it,to,you,Look,at,my,drivers,license,,,,
expires,1987,Look,at,my,,,,,,,,,,,,
,,,,,,,,,,,,,,,,
birthday,for,crying,out,load,I,havent,even,been,born,yet,And,look,at,,,
this,picture,my,brother,,,,,,,,,,,,,
,,,,,,,,,,,,,,,,
my,sister,and,me,Look,at,the,sweatshirt,Doc,class,of,1984,,,,,
,,,,,,,,,,,,,,,,
Doc,Pretty,Mediocre,photographic,fakery,they,cut,off,your,brothers,,,,,,,
hair,,,,,,,,,,,,,,,,
,,,,,,,,,,,,,,,,
Marty,Im,telling,the,truth,Doc,you,gotta,believe,me,,,,,,,
,,,,,,,,,,,,,,,,
Doc,So,tell,me,future,boy,whos,president,of,the,United,States,in,,,,
1985?,,,,,,,,,,,,,,,,
,,,,,,,,,,,,,,,,
Marty,Ronald,Reagon,,,,,,,,,,,,,,
,,,,,,,,,,,,,,,,
Doc,Ronald,Reagon,the,actor?,Then,whos,vice,president,Jerry,Lewis?,I,,,,,
suppose,Jane,,,,,,,,,,,,,,,
,,,,,,,,,,,,,,,,
Wymann,is,the,first,lady,,,,,,,,,,,,
,,,,,,,,,,,,,,,,
Marty,Whoa,wait,Doc,,,,,,,,,,,,,
,,,,,,,,,,,,,,,,
Doc,And,Jack,Benny,is,secretary,of,the,Treasury,,,,,,,,
,,,,,,,,,,,,,,,,
Marty,Look,you,gotta,listen,to,me,,,,,,,,,,
,,,,,,,,,,,,,,,,
Doc,I,got,enough,practical,jokes,for,one,evening,Good,night,future,,,,,
boy,,,,,,,,,,,,,,,,
,,,,,,,,,,,,,,,,
Marty,No,wait,Doc,the,bruise,the,bruise,on,your,head,I,know,how,,,
that,happened,you,told,,,,,,,,,,,,,
,,,,,,,,,,,,,,,,
me,the,whole,story,you,were,standing,on,your,toilet,and,you,were,,,,
hanging,a,clock,and,you,,,,,,,,,,,,
,,,,,,,,,,,,,,,,
fell,and,you,hit,your,head,on,the,sink,and,thats,when,you,came,up,,
with,the,idea,for,the,flux,,,,,,,,,,,
,,,,,,,,,,,,,,,,
capacitor,which,makes,time,travel,possible,,,,,,,,,,,
,,,,,,,,,,,,,,,,
Marty,Something,wrong,with,the,starter,so,I,hid,it,,,,,,,
,,,,,,,,,,,,,,,,
Doc,After,I,fell,off,my,toilet,I,drew,this,,,,,,,
,,,,,,,,,,,,,,,,
Marty,Flux,capacitor,,,,,,,,,,,,,,
,,,,,,,,,,,,,,,,
Doc,It,works,ha,ha,ha,ha,it,works,I,finally,invent,something,that,,,
works,,,,,,,,,,,,,,,,
,,,,,,,,,,,,,,,,
Marty,Bet,your,ass,it,works,,,,,,,,,,,
,,,,,,,,,,,,,,,,
Doc,Well,now,we,gotta,sneak,this,back,into,my,laboratory,weve,gotta,,,,
get,you,home,,,,,,,,,,,,,,
,,,,,,,,,,,,,,,,
Marty,Okay,Doc,this,is,it,,,,,,,,,,,
,,,,,,,,,,,,,,,,
TV,Doc,Never,mind,that,never,mind,that,now,never,mind,that,never,,,,
mind-,,,,,,,,,,,,,,,,
,,,,,,,,,,,,,,,,
Doc,Why,thats,me,look,at,me,Im,an,old,man,,,,,,
,,,,,,,,,,,,,,,,
TV,Doc,Good,evening,Im,Doctor,Emmet,Brown,Im,standing,here,on,the,,,,
parking,lot,of-,,,,,,,,,,,,,,
,,,,,,,,,,,,,,,,
Doc,Thank,god,I,still,got,my,hair,What,on,Earth,is,that,thing,Im,,
wearing?,,,,,,,,,,,,,,,,
,,,,,,,,,,,,,,,,
Marty,Well,this,is,a,radiation,suit,,,,,,,,,,
,,,,,,,,,,,,,,,,
Doc,Radiation,suit,of,course,cause,all,of,the,fall,out,from,the,,,,
atomic,wars,This,is,truly,,,,,,,,,,,,
,,,,,,,,,,,,,,,,
amazing,a,portable,television,studio,No,wonder,your,president,has,to,,,,,,
be,an,actor,hes,gotta,,,,,,,,,,,,
,,,,,,,,,,,,,,,,
look,good,on,television,,,,,,,,,,,,,
,,,,,,,,,,,,,,,,
Marty,whoa,this,is,it,this,is,the,part,coming,up,Doc,,,,,
,,,,,,,,,,,,,,,,
TV,Doc,No,no,no,this,suckers,electrical,but,I,need,a,nuclear,reaction,,,
to,generate,the,one,point,,,,,,,,,,,,
,,,,,,,,,,,,,,,,
twenty-one,gigawatts,of,electricity-,,,,,,,,,,,,,
,,,,,,,,,,,,,,,,
Doc,What,did,I,just,say?,,,,,,,,,,,
,,,,,,,,,,,,,,,,
TV,Doc,No,no,no,this,suckers,electrical,but,I,need,a,nuclear,reaction,,,
to,generate,the,one,point,,,,,,,,,,,,
,,,,,,,,,,,,,,,,
twenty-one,gigawatts,of,electricity,that,I,need,,,,,,,,,,
,,,,,,,,,,,,,,,,
Doc,One,point,twenty-one,gigawatts,One,point,twenty-one,gigawatts,,,,,,,,
Great,Scott,,,,,,,,,,,,,,,
,,,,,,,,,,,,,,,,
Marty,What,the,hell,is,a,gigawatt?,,,,,,,,,,
,,,,,,,,,,,,,,,,
Doc,How,could,I,have,been,so,careless,One,point,twenty-one,gigawatts,,,,,
Tom,how,am,I,,,,,,,,,,,,,
,,,,,,,,,,,,,,,,
gonna,generate,that,kind,of,power,it,cant,be,done,it,cant,,,,,
,,,,,,,,,,,,,,,,
Marty,Doc,look,all,we,need,is,a,little,plutonium,,,,,,,
,,,,,,,,,,,,,,,,
Doc,Im,sure,that,in,1985,plutonium,is,available,at,every,corner,drug,,,,
store,but,in,1955,its,a,,,,,,,,,,,
,,,,,,,,,,,,,,,,
little,hard,to,come,by,Marty,Im,sorry,but,Im,afraid,youre,stuck,,,,
here,,,,,,,,,,,,,,,,
,,,,,,,,,,,,,,,,
Marty,whoa,whoa,Doc,stuck,here,I,cant,be,stuck,here,I,got,a,life,,
in,1985,I,got,a,girl,,,,,,,,,,,
,,,,,,,,,,,,,,,,
Doc,Is,she,pretty?,,,,,,,,,,,,,
,,,,,,,,,,,,,,,,
Marty,Doc,shes,beautiful,Shes,crazy,about,me,Look,at,this,look,,,,,
what,she,wrote,me,Doc,,,,,,,,,,,,
,,,,,,,,,,,,,,,,
That,says,it,all,Doc,youre,my,only,hope,,,,,,,,
,,,,,,,,,,,,,,,,
Doc,Marty,Im,sorry,but,the,only,power,source,capable,of,generating,,,,,
one,point,twenty-one,,,,,,,,,,,,,,
,,,,,,,,,,,,,,,,
gigawatts,of,electricity,is,a,bolt,of,lightning,,,,,,,,,
,,,,,,,,,,,,,,,,
Marty,What,did,you,say?,,,,,,,,,,,,
,,,,,,,,,,,,,,,,
Doc,A,bolt,of,lightning,unfortunately,you,never,know,when,or,where,,,,,
its,ever,gonna,strike,,,,,,,,,,,,,
,,,,,,,,,,,,,,,,
Marty,We,do,now,,,,,,,,,,,,,
,,,,,,,,,,,,,,,,
Doc,This,is,it,This,is,the,answer,It,says,here,that,a,bolt,of,,
lightning,is,gonna,strike,the,clock,,,,,,,,,,,
,,,,,,,,,,,,,,,,
tower,precisely,at,10,4,pm,next,Saturday,night,If,we,could,somehow,,,,
harness,this,bolt,of,,,,,,,,,,,,,
,,,,,,,,,,,,,,,,
lightning,channel,it,into,the,flux,capacitor,it,just,might,work,Next,,,,,
Saturday,night,were,,,,,,,,,,,,,,
,,,,,,,,,,,,,,,,
sending,you,back,to,the,future,,,,,,,,,,,
,,,,,,,,,,,,,,,,
Marty,Okay,alright,Saturday,is,good,Saturdays,good,I,could,spend,a,,,,,
week,in,1955,I,could,,,,,,,,,,,,
,,,,,,,,,,,,,,,,
hang,out,you,could,show,me,around,,,,,,,,,,
,,,,,,,,,,,,,,,,
Doc,Marty,thats,completely,out,of,the,question,you,must,not,leave,,,,,
this,house,you,must,not,,,,,,,,,,,,
,,,,,,,,,,,,,,,,
see,anybody,or,talk,to,anybody,Anything,you,do,could,have,serious,,,,,
reprocautions,on,future,,,,,,,,,,,,,,
,,,,,,,,,,,,,,,,
events,Do,you,understand?,,,,,,,,,,,,,
,,,,,,,,,,,,,,,,
Marty,Yeah,sure,okay,,,,,,,,,,,,,
,,,,,,,,,,,,,,,,
Doc,Marty,you,interacted,with,anybody,else,today,besides,me?,,,,,,,
,,,,,,,,,,,,,,,,
Marty,Um,yeah,well,I,might,have,sort,of,ran,into,my,parents,,,,
,,,,,,,,,,,,,,,,
Doc,Great,Scott,Let,me,see,that,photograph,again,of,your,brother,Just,,,,
as,I,thought,this,,,,,,,,,,,,,
,,,,,,,,,,,,,,,,
proves,my,theory,look,at,your,brother,,,,,,,,,,
,,,,,,,,,,,,,,,,
Marty,His,heads,gone,its,like,its,been,erased,,,,,,,,
,,,,,,,,,,,,,,,,
Doc,Erased,from,existence,,,,,,,,,,,,,
,,,,,,,,,,,,,,,,
Marty,Whoa,they,really,cleaned,this,place,up,looks,brand,new,,,,,,
,,,,,,,,,,,,,,,,
Doc,Now,remember,according,to,my,theory,you,interfered,with,with,your,,,,,
parents,first,,,,,,,,,,,,,,,
,,,,,,,,,,,,,,,,
meeting,They,dont,meet,they,dont,fall,in,love,they,wont,get,,,,,
married,and,they,wont,have,,,,,,,,,,,,
,,,,,,,,,,,,,,,,
kids,Thats,why,your,older,brothers,disappeared,from,that,photograph,,,,,,,
Your,sister,will,follow,,,,,,,,,,,,,
,,,,,,,,,,,,,,,,
and,unless,you,repair,the,damages,you,will,be,next,,,,,,,
,,,,,,,,,,,,,,,,
Marty,This,sounds,pretty,heavy,,,,,,,,,,,,
,,,,,,,,,,,,,,,,
Doc,Weight,has,nothing,to,do,with,it,,,,,,,,,
,,,,,,,,,,,,,,,,
Doc,Which,ones,your,pop?,,,,,,,,,,,,
,,,,,,,,,,,,,,,,
Marty,Thats,him,,,,,,,,,,,,,,
,,,,,,,,,,,,,,,,
George,Okay,okay,you,guys,oh,ha,ha,ha,very,funny,Hey,you,guys,are,,
being,real,mature,,,,,,,,,,,,,,
,,,,,,,,,,,,,,,,
Doc,Maybe,you,were,adopted,,,,,,,,,,,,
,,,,,,,,,,,,,,,,
George,Okay,real,mature,guys,Okay,Biff,will,you,pick,up,my,books?,,,,
,,,,,,,,,,,,,,,,
Strickland,McFly,,,,,,,,,,,,,,,
,,,,,,,,,,,,,,,,
Marty,Thats,Strickland,Jesus,didnt,that,guy,ever,have,hair?,,,,,,,
,,,,,,,,,,,,,,,,
Strickland,Shape,up,man,Youre,a,slacker,You,wanna,be,a,slacker,for,,,,
the,rest,of,your,life?,,,,,,,,,,,,
,,,,,,,,,,,,,,,,
George,No,,,,,,,,,,,,,,,
,,,,,,,,,,,,,,,,
Doc,What,did,your,mother,ever,see,in,that,kid?,,,,,,,
,,,,,,,,,,,,,,,,
Marty,I,dont,know,Doc,I,guess,she,felt,sorry,for,him,cause,her,did,,
hit,him,with,the,car,hit,me,,,,,,,,,,
,,,,,,,,,,,,,,,,
with,the,car,,,,,,,,,,,,,,
,,,,,,,,,,,,,,,,
Doc,Thats,a,Florence,Nightingale,effect,It,happens,in,hospitals,when,,,,,,
nurses,fall,in,love,with,,,,,,,,,,,,
,,,,,,,,,,,,,,,,
their,patients,Go,to,it,kid,,,,,,,,,,,
,,,,,,,,,,,,,,,,
Marty,Hey,George,buddy,hey,Ive,been,looking,all,over,for,you,You,,,,
remember,me,the,guy,,,,,,,,,,,,,
,,,,,,,,,,,,,,,,
who,saved,your,life,the,other,day,,,,,,,,,,
,,,,,,,,,,,,,,,,
George,Yeah,,,,,,,,,,,,,,,
,,,,,,,,,,,,,,,,
Marty,Good,theres,somebody,Id,like,you,to,meet,Loraine,,,,,,,
,,,,,,,,,,,,,,,,
Loraine,Calvin,,,,,,,,,,,,,,,
,,,,,,,,,,,,,,,,
Marty,Id,like,you,to,meet,my,good,friend,George,McFly,,,,,,
,,,,,,,,,,,,,,,,
George,Hi,its,really,a,pleasure,to,meet,you,,,,,,,,
,,,,,,,,,,,,,,,,
Loraine,Hows,your,head?,,,,,,,,,,,,,
,,,,,,,,,,,,,,,,
Marty,Well,uh,good,fine,,,,,,,,,,,,
,,,,,,,,,,,,,,,,
Loraine,Oh,Ive,been,so,worried,about,you,ever,since,you,ran,off,the,,,
other,night,Are,you,,,,,,,,,,,,,
,,,,,,,,,,,,,,,,
okay?,Im,sorry,I,have,to,go,Isnt,he,a,dream,boat?,,,,,
,,,,,,,,,,,,,,,,
Marty,Doc,she,didnt,even,look,at,him,,,,,,,,,
,,,,,,,,,,,,,,,,
Doc,This,is,more,serious,than,I,thought,Apparently,your,mother,is,,,,,
amorously,infatuated,with,,,,,,,,,,,,,,
,,,,,,,,,,,,,,,,
you,instead,of,your,father,,,,,,,,,,,,
,,,,,,,,,,,,,,,,
Marty,Whoa,wait,a,minute,Doc,are,you,telling,me,that,my,mother,has,,,
got,the,hots,for,me?,,,,,,,,,,,,
,,,,,,,,,,,,,,,,
Doc,Precisely,,,,,,,,,,,,,,,
,,,,,,,,,,,,,,,,
Marty,Whoa,this,is,heavy,,,,,,,,,,,,
,,,,,,,,,,,,,,,,
Doc,Theres,that,word,again,heavy,Why,are,things,so,heavy,in,the,,,,
future,Is,there,a,,,,,,,,,,,,,
,,,,,,,,,,,,,,,,
problem,with,the,Earths,gravitational,pull?,,,,,,,,,,,
,,,,,,,,,,,,,,,,
Marty,What?,,,,,,,,,,,,,,,
,,,,,,,,,,,,,,,,
Doc,The,only,way,were,gonna,get,those,two,to,successfully,meet,is,if,,,
theyre,alone,together,,,,,,,,,,,,,,
,,,,,,,,,,,,,,,,
So,youve,got,to,get,your,father,and,mother,to,interact,at,some,sort,of,,
social-,,,,,,,,,,,,,,,,
,,,,,,,,,,,,,,,,
Marty,What,well,you,mean,like,a,date?,,,,,,,,,
,,,,,,,,,,,,,,,,
Doc,Right,,,,,,,,,,,,,,,
,,,,,,,,,,,,,,,,
Marty,What,kind,of,date?,I,dont,know,what,do,kids,do,in,the,fifties?,,
,,,,,,,,,,,,,,,,
Doc,Well,theyre,your,parents,you,must,know,them,What,are,there,,,,,
common,interests,,,,,,,,,,,,,,,
,,,,,,,,,,,,,,,,
What,do,they,like,to,do,together?,,,,,,,,,,
,,,,,,,,,,,,,,,,
Marty,Nothing,,,,,,,,,,,,,,,
,,,,,,,,,,,,,,,,
Doc,Look,theres,a,rhythmic,ceremonial,ritual,coming,up,,,,,,,,
,,,,,,,,,,,,,,,,
Marty,Of,course,the,Enchantment,Under,The,Sea,Dance,theyre,supposed,,,,,,
to,go,to,this,thats,,,,,,,,,,,,
,,,,,,,,,,,,,,,,
where,they,kiss,for,the,first,time,,,,,,,,,,
,,,,,,,,,,,,,,,,
Doc,Alright,kid,you,stick,to,your,father,like,glue,and,make,sure,that,,,
he,takes,her,to,the,dance,,,,,,,,,,,
,,,,,,,,,,,,,,,,
Marty,George,buddy,remember,that,girl,I,introduced,you,to,Loraine,,,,,,
What,are,you,writing?,,,,,,,,,,,,,
,,,,,,,,,,,,,,,,
George,Uh,stories,science,fiction,stories,about,visitors,coming,down,,,,,,,
to,Earth,from,another,,,,,,,,,,,,,
,,,,,,,,,,,,,,,,
planet,,,,,,,,,,,,,,,,
,,,,,,,,,,,,,,,,
Marty,Get,out,of,town,I,didnt,know,you,did,anything,creative,Ah,let,,,
me,read,some,,,,,,,,,,,,,,
,,,,,,,,,,,,,,,,
George,Oh,no,no,no,I,never,uh,I,never,let,anybody,read,my,stories,,
,,,,,,,,,,,,,,,,
Marty,Why,not?,,,,,,,,,,,,,,
,,,,,,,,,,,,,,,,
George,Well,what,if,they,didnt,like,them,what,if,they,told,me,I,was,,
no,good,I,guess,that,,,,,,,,,,,,
,,,,,,,,,,,,,,,,
would,be,pretty,hard,for,somebody,to,understand,,,,,,,,,
,,,,,,,,,,,,,,,,
Marty,Uh,no,not,hard,at,all,So,anyway,George,now,Loraine,she,,,,
really,likes,you,She,told,,,,,,,,,,,,
,,,,,,,,,,,,,,,,
me,to,tell,you,that,she,wants,you,to,ask,her,to,the,Enchantment,Under,,
The,Sea,Dance,,,,,,,,,,,,,,
,,,,,,,,,,,,,,,,
George,Really,,,,,,,,,,,,,,,
,,,,,,,,,,,,,,,,
Marty,oh,yeah,all,you,gotta,do,is,go,over,there,and,ask,her,,,
,,,,,,,,,,,,,,,,
George,What,right,here,right,now,in,the,cafeteria?,What,is,she,said,,,,
no?,I,dont,know,if,I,,,,,,,,,,,
,,,,,,,,,,,,,,,,
could,take,that,kind,of,rejection,Besides,I,think,shed,rather,go,with,,,,
somebody,else,,,,,,,,,,,,,,,
,,,,,,,,,,,,,,,,
Marty,Who?,,,,,,,,,,,,,,,
,,,,,,,,,,,,,,,,
George,Biff,,,,,,,,,,,,,,,
,,,,,,,,,,,,,,,,
Biff,Cmon,cmon,,,,,,,,,,,,,,
,,,,,,,,,,,,,,,,
Loraine,Leave,me,alone,,,,,,,,,,,,,
,,,,,,,,,,,,,,,,
Biff,You,want,it,you,know,you,want,it,and,you,know,you,want,me,to,
give,it,to,you,,,,,,,,,,,,,
,,,,,,,,,,,,,,,,
Loraine,Shut,your,filthy,mouth,Im,not,that,kind,of,girl,,,,,,
,,,,,,,,,,,,,,,,
Biff,Well,maybe,you,are,and,you,just,dont,know,it,yet,,,,,
,,,,,,,,,,,,,,,,
Loraine,Get,your,meat,hooks,off,of,me,,,,,,,,,
,,,,,,,,,,,,,,,,
Marty,You,heard,her,she,said,get,your,meat,hooks,off,uh,please,,,,
,,,,,,,,,,,,,,,,
Biff,So,whats,it,to,you,butthead,You,know,youve,been,looking,for,a,,,
since,youre,new,here,,,,,,,,,,,,,
,,,,,,,,,,,,,,,,
Im,gonna,cut,you,a,break,today,So,why,dont,you,make,like,a,tree,and,
get,out,of,here,,,,,,,,,,,,,
,,,,,,,,,,,,,,,,
Marty,George,,,,,,,,,,,,,,,
,,,,,,,,,,,,,,,,
George,Why,do,you,keep,following,me,around?,,,,,,,,,
,,,,,,,,,,,,,,,,
Marty,Look,George,Im,telling,you,George,if,you,do,not,ask,Loraine,,,,
to,that,dance,Im,gonna,,,,,,,,,,,,
,,,,,,,,,,,,,,,,
regret,it,for,the,rest,of,my,life,,,,,,,,,
,,,,,,,,,,,,,,,,
George,But,I,cant,go,to,the,dance,Ill,miss,my,favorite,television,,,,
program,Science,Fiction,,,,,,,,,,,,,,
,,,,,,,,,,,,,,,,
Theater,,,,,,,,,,,,,,,,
,,,,,,,,,,,,,,,,
Marty,Yeah,but,George,Loraine,wants,to,go,with,you,Give,her,a,break,,,
,,,,,,,,,,,,,,,,
George,Look,Im,just,not,ready,to,ask,Loraine,out,to,the,dance,and,,,
not,you,nor,anybody,else,,,,,,,,,,,,
,,,,,,,,,,,,,,,,
on,this,planet,is,gonna,make,me,change,my,mind,,,,,,,
,,,,,,,,,,,,,,,,
Marty,Science,Fiction,Theater,,,,,,,,,,,,,
,,,,,,,,,,,,,,,,
George,Who,are,you?,,,,,,,,,,,,,
,,,,,,,,,,,,,,,,
Marty,Silence,Earthling,my,name,is,Darth,Vader,Im,am,an,,,,,,
extra-terrestrial,from,the,planet,,,,,,,,,,,,,
,,,,,,,,,,,,,,,,
Vulcan,,,,,,,,,,,,,,,,
,,,,,,,,,,,,,,,,
George,Marty,Marty,Marty,,,,,,,,,,,,,
,,,,,,,,,,,,,,,,
Marty,Hey,George,buddy,you,werent,at,school,what,have,you,been,,,,,
doing,all,day?,,,,,,,,,,,,,,
,,,,,,,,,,,,,,,,
George,I,over,slept,look,I,need,your,help,I,have,to,ask,Loraine,out,,
but,I,dont,know,how,to,,,,,,,,,,,
,,,,,,,,,,,,,,,,
do,it,I,have,to,ask,Loraine,out,but,I,dont,know,how,to,do,it,
,,,,,,,,,,,,,,,,
Marty,Alright,okay,listen,keep,your,pants,on,shes,over,in,the,café,,,,
God,how,do,you,do,,,,,,,,,,,,
,,,,,,,,,,,,,,,,
this?,What,made,you,change,your,mind,George?,,,,,,,,,
,,,,,,,,,,,,,,,,
George,Last,night,Darth,Vader,came,down,from,planet,Vulcan,And,he,,,,,
told,me,that,if,I,didnt,,,,,,,,,,,
,,,,,,,,,,,,,,,,
take,Loraine,that,hed,melt,my,brain,,,,,,,,,,
,,,,,,,,,,,,,,,,
Marty,Yeah,well,uh,lets,keep,this,brain,melting,stuff,to,ourselves,,,,,
okay?,,,,,,,,,,,,,,,,
,,,,,,,,,,,,,,,,
George,Oh,yeah,yeah,,,,,,,,,,,,,
,,,,,,,,,,,,,,,,
Marty,Alright,okay,Alright,there,she,is,George,Just,go,in,there,,,,,
and,invite,her,,,,,,,,,,,,,,
,,,,,,,,,,,,,,,,
George,Okay,but,I,dont,know,what,to,say,,,,,,,,
,,,,,,,,,,,,,,,,
Marty,Just,say,anything,George,say,what,evers,natural,the,first,,,,,,
thing,that,comes,to,your,,,,,,,,,,,,
,,,,,,,,,,,,,,,,
mind,,,,,,,,,,,,,,,,
,,,,,,,,,,,,,,,,
George,Nothings,coming,to,my,mind,,,,,,,,,,,
,,,,,,,,,,,,,,,,
Marty,Jesus,George,its,a,wonder,I,was,ever,born,,,,,,,
,,,,,,,,,,,,,,,,
George,What,what?,,,,,,,,,,,,,,
,,,,,,,,,,,,,,,,
Marty,Nothing,nothing,nothing,look,tell,her,destiny,has,brought,you,,,,,,
together,tell,her,that,,,,,,,,,,,,,
,,,,,,,,,,,,,,,,
shes,the,most,beautiful,you,have,ever,seen,Girls,like,that,stuff,,,,,
What,what,are,you,doing,,,,,,,,,,,,
,,,,,,,,,,,,,,,,
George?,,,,,,,,,,,,,,,,
,,,,,,,,,,,,,,,,
George,Im,writing,this,down,this,is,good,stuff,,,,,,,,
,,,,,,,,,,,,,,,,
Marty,Yeah,okay,,,,,,,,,,,,,,
,,,,,,,,,,,,,,,,
George,Oh,,,,,,,,,,,,,,,
,,,,,,,,,,,,,,,,
Marty,Lets,go,,,,,,,,,,,,,,
,,,,,,,,,,,,,,,,
George,Oh,,,,,,,,,,,,,,,
,,,,,,,,,,,,,,,,
Marty,Will,you,take,care,of,that?,,,,,,,,,,
,,,,,,,,,,,,,,,,
George,Right,Lou,gimme,a,milk,chocolate,Loraine,my,density,has,,,,,,
popped,me,to,you,,,,,,,,,,,,,
,,,,,,,,,,,,,,,,
Loraine,What?,,,,,,,,,,,,,,,
,,,,,,,,,,,,,,,,
George,Oh,what,I,meant,to,day,was-,,,,,,,,,
,,,,,,,,,,,,,,,,
Loraine,Hey,dont,I,know,you,from,somewhere?,,,,,,,,,
,,,,,,,,,,,,,,,,
George,Yes,yes,Im,George,George,McFly,and,Im,your,density,I,,,,,
mean,Im,your,destiny,,,,,,,,,,,,,
,,,,,,,,,,,,,,,,
Loraine,Oh,,,,,,,,,,,,,,,
,,,,,,,,,,,,,,,,
Biff,Hey,McFly,I,thought,I,told,you,never,to,come,in,here,Well,its,,
gonna,cost,you,How,,,,,,,,,,,,,
,,,,,,,,,,,,,,,,
much,money,you,got,on,you?,,,,,,,,,,,
,,,,,,,,,,,,,,,,
George,Well,Biff,,,,,,,,,,,,,,
,,,,,,,,,,,,,,,,
Biff,Alright,punk,now-,,,,,,,,,,,,,
,,,,,,,,,,,,,,,,
Marty,Whoa,whoa,Biff,whats,that?,,,,,,,,,,,
,,,,,,,,,,,,,,,,
Loraine,Thats,Calvin,Klein,oh,my,god,hes,a,dream,,,,,,,
,,,,,,,,,,,,,,,,
Marty,Whoa,whoa,kid,kid,stop,stop,stop,stop,,,,,,,,
,,,,,,,,,,,,,,,,
Kid,Hey,,,,,,,,,,,,,,,
,,,,,,,,,,,,,,,,
Marty,Ill,get,it,back,to,you,alright?,,,,,,,,,
,,,,,,,,,,,,,,,,
Kid,You,broke,it,Wow,look,at,him,go,,,,,,,,
,,,,,,,,,,,,,,,,
Biff,Lets,get,him,,,,,,,,,,,,,
,,,,,,,,,,,,,,,,
Girl,Whats,that,thing,hes,on?,,,,,,,,,,,
,,,,,,,,,,,,,,,,
Boy,Its,a,board,with,wheels,,,,,,,,,,,
,,,,,,,,,,,,,,,,
Loraine,Hes,an,absolute,dream,,,,,,,,,,,,
,,,,,,,,,,,,,,,,
Marty,Ah,Whoa,,,,,,,,,,,,,,
,,,,,,,,,,,,,,,,
Biff,Im,gonna,ram,him,,,,,,,,,,,,
,,,,,,,,,,,,,,,,
Biff,Matches,3-D,&,Skinhead,Shit,,,,,,,,,,,
,,,,,,,,,,,,,,,,
Marty,Thanks,a,lot,kid,,,,,,,,,,,,
,,,,,,,,,,,,,,,,
Biff,Im,gonna,get,that,son-of-a-bitch,,,,,,,,,,,
,,,,,,,,,,,,,,,,
Girlfriend,#1,Where,does,he,come,from?,,,,,,,,,,
,,,,,,,,,,,,,,,,
Girlfriend,#2,Yeah,where,does,he,live?,,,,,,,,,,
,,,,,,,,,,,,,,,,
Loraine,I,dont,know,but,Im,gonna,find,out,,,,,,,,
,,,,,,,,,,,,,,,,
Doc,My,god,they,found,me,I,dont,know,how,but,they,found,me,Run,for,
it,Marty,My,god,,,,,,,,,,,,,
,,,,,,,,,,,,,,,,
they,found,me,I,dont,know,how,but,they,found,me,Run,for,it,Marty,,
,,,,,,,,,,,,,,,,
Marty,Doc,,,,,,,,,,,,,,,
,,,,,,,,,,,,,,,,
Doc,Oh,hi,Marty,I,didnt,hear,you,come,in,Fascinating,device,this,,,,
video,unit,,,,,,,,,,,,,,,
,,,,,,,,,,,,,,,,
Marty,Listen,Doc,you,know,theres,something,I,havent,told,you,about,,,,,
the,night,we,made,that,,,,,,,,,,,,
,,,,,,,,,,,,,,,,
tape,,,,,,,,,,,,,,,,
,,,,,,,,,,,,,,,,
Doc,Please,Marty,dont,tell,me,no,man,should,know,too,much,about,,,,
their,own,destiny,,,,,,,,,,,,,,
,,,,,,,,,,,,,,,,
Marty,You,dont,understand,,,,,,,,,,,,,
,,,,,,,,,,,,,,,,
Doc,I,do,understand,If,I,know,too,much,about,my,own,future,I,could,,
endanger,my,own,,,,,,,,,,,,,,
,,,,,,,,,,,,,,,,
existence,just,as,you,endangered,yours,,,,,,,,,,,
,,,,,,,,,,,,,,,,
Marty,Your,your,right,,,,,,,,,,,,,
,,,,,,,,,,,,,,,,
Doc,Let,me,show,you,my,plan,for,sending,you,home,Please,excuse,the,,,
crudity,of,this,model,,,,,,,,,,,,,
,,,,,,,,,,,,,,,,
I,didnt,have,time,to,build,it,to,scale,or,to,paint,it,,,,
,,,,,,,,,,,,,,,,
Marty,Its,good,,,,,,,,,,,,,,
,,,,,,,,,,,,,,,,
Doc,Oh,thank,you,thank,you,Okay,now,we,run,some,industrial,strength,,,,
electrical,cable,,,,,,,,,,,,,,,
,,,,,,,,,,,,,,,,
from,the,top,of,the,clocktower,down,to,spreading,it,over,the,street,,,,
between,two,lamp,posts,,,,,,,,,,,,,
,,,,,,,,,,,,,,,,
Meanwhile,we,out-fitted,the,vehicle,with,this,big,pole,and,hook,which,,,,,
runs,directly,into,the,,,,,,,,,,,,,
,,,,,,,,,,,,,,,,
flux-capacitor,At,the,calculated,moment,you,start,off,from,down,the,,,,,,
street,driving,toward,the,,,,,,,,,,,,,
,,,,,,,,,,,,,,,,
cable,execrating,to,eighty-eight,miles,per,hour,According,to,the,flyer,,,,,,
at,!0,4,pm,lightning,will,,,,,,,,,,,
,,,,,,,,,,,,,,,,
strike,the,clocktower,sending,one,point,twenty-one,gigawatts,into,the,,,,,,,
flux-capacitor,sending,,,,,,,,,,,,,,,
,,,,,,,,,,,,,,,,
you,back,to,1985,Alright,now,watch,this,You,wind,up,the,car,and,,,
release,it,Ill,simulate,the,,,,,,,,,,,,
,,,,,,,,,,,,,,,,
lightening,Ready,set,release,Huhh,,,,,,,,,,,,
,,,,,,,,,,,,,,,,
Marty,You,extol,me,with,a,lot,of,confidence,Doc,,,,,,,
,,,,,,,,,,,,,,,,
Doc,Dont,worry,Ill,take,care,of,the,lightning,you,take,care,of,your,,,
pop,By,the,way,what,,,,,,,,,,,,
,,,,,,,,,,,,,,,,
happened,today,did,he,ask,her,out?,,,,,,,,,,
,,,,,,,,,,,,,,,,
Marty,Uh,I,think,so,,,,,,,,,,,,
,,,,,,,,,,,,,,,,
Doc,What,did,she,say?,Its,your,mom,shes,tracked,you,down,Quick,,,,
lets,cover,the,time,,,,,,,,,,,,,
,,,,,,,,,,,,,,,,
machine,,,,,,,,,,,,,,,,
,,,,,,,,,,,,,,,,
Loraine,Hi,Marty,,,,,,,,,,,,,,
,,,,,,,,,,,,,,,,
Marty,Uh,Loraine,How,did,you,know,I,was,here?,,,,,,,
,,,,,,,,,,,,,,,,
Loraine,I,followed,you,,,,,,,,,,,,,
,,,,,,,,,,,,,,,,
Marty,Oh,uh,this,is,my,Doc,Uncle,Brown,,,,,,,,
,,,,,,,,,,,,,,,,
Loraine,Hi,,,,,,,,,,,,,,,
,,,,,,,,,,,,,,,,
Marty,Hello,,,,,,,,,,,,,,,
,,,,,,,,,,,,,,,,
Loraine,Marty,this,may,seem,a,little,foreward,but,I,was,wondering,if,,,,
you,would,ask,me,to,the,,,,,,,,,,,
,,,,,,,,,,,,,,,,
Enchantment,Under,The,Sea,Dance,on,Saturday,,,,,,,,,,
,,,,,,,,,,,,,,,,
Marty,Uh,you,mean,nobodys,asked,you?,,,,,,,,,,
,,,,,,,,,,,,,,,,
Loraine,No,not,yet,,,,,,,,,,,,,
,,,,,,,,,,,,,,,,
Marty,What,about,George?,,,,,,,,,,,,,
,,,,,,,,,,,,,,,,
Loraine,George,McFly?,Oh,hes,kinda,cute,and,all,but,well,I,think,a,,,
man,should,be,strong,,,,,,,,,,,,,
,,,,,,,,,,,,,,,,
so,he,could,stand,up,for,himself,and,protect,the,woman,he,loves,Dont,,,
you?,,,,,,,,,,,,,,,,
,,,,,,,,,,,,,,,,
Marty,Yeah,,,,,,,,,,,,,,,
,,,,,,,,,,,,,,,,
George,I,still,dont,understand,how,am,I,supposed,to,go,to,the,dance,,,
with,her,if,shes,already,,,,,,,,,,,,
,,,,,,,,,,,,,,,,
going,to,the,dance,with,you,,,,,,,,,,,
,,,,,,,,,,,,,,,,
Marty,Cause,George,she,wants,to,go,to,the,dance,with,you,she,just,,,
doesnt,know,it,yet,,,,,,,,,,,,,
,,,,,,,,,,,,,,,,
Thats,why,we,got,to,show,her,that,you,George,McFly,are,a,fighter,,,
Youre,somebody,whos,,,,,,,,,,,,,,
,,,,,,,,,,,,,,,,
gonna,stand,up,for,yourself,someone,whos,gonna,protect,her,,,,,,,
,,,,,,,,,,,,,,,,
George,Yeah,but,I,never,picked,a,fight,in,my,entire,life,,,,,
,,,,,,,,,,,,,,,,
Marty,Your,not,gonna,be,picking,a,fight,Dad,dad,dad,daddy-o,Youre,,,,
coming,to,a,rescue,,,,,,,,,,,,,
,,,,,,,,,,,,,,,,
right?,Okay,lets,go,over,the,plan,again,8,55,where,are,you,gonna,be,,
,,,,,,,,,,,,,,,,
George,Im,gonna,be,at,the,dance,,,,,,,,,,
,,,,,,,,,,,,,,,,
Marty,Right,and,where,am,I,gonna,be?,,,,,,,,,
,,,,,,,,,,,,,,,,
George,Youre,gonna,be,in,the,car,with,her,,,,,,,,
,,,,,,,,,,,,,,,,
Marty,Right,okay,so,right,around,9,0,shes,gonna,get,very,angry,with,,,
me,,,,,,,,,,,,,,,,
,,,,,,,,,,,,,,,,
George,Why,is,she,gonna,get,angry,with,you?,,,,,,,,
,,,,,,,,,,,,,,,,
Marty,Well,because,George,nice,girls,get,angry,when,guys,take,,,,,,
advantage,of,them,,,,,,,,,,,,,,
,,,,,,,,,,,,,,,,
George,Ho,you,mean,youre,gonna,touch,her,on,her-,,,,,,,
,,,,,,,,,,,,,,,,
Marty,No,no,George,look,its,just,an,act,right?,Okay,so,9,0,,,
youre,strolling,through,the,,,,,,,,,,,,,
,,,,,,,,,,,,,,,,
parking,lot,you,see,us,struggling,in,the,car,you,walk,up,you,open,the,,
door,and,you,say,your,,,,,,,,,,,,
,,,,,,,,,,,,,,,,
line,George,,,,,,,,,,,,,,,
,,,,,,,,,,,,,,,,
George,Oh,uh,hey,you,get,your,damn,hands,off,her,Do,you,really,,,
think,I,oughta,swear?,,,,,,,,,,,,,
,,,,,,,,,,,,,,,,
Marty,Yes,definitely,god-dammit,George,swear,Okay,so,now,you,come,,,,,,
up,you,punch,me,,,,,,,,,,,,,
,,,,,,,,,,,,,,,,
in,the,stomach,Im,out,for,the,count,right?,And,you,and,Loraine,live,,,
happily,ever,after,,,,,,,,,,,,,,
,,,,,,,,,,,,,,,,
George,Oh,you,make,it,sound,so,easy,I,just,I,wish,I,wasnt,so,,
scared,,,,,,,,,,,,,,,,
,,,,,,,,,,,,,,,,
Marty,George,theres,nothing,to,be,scared,of,All,it,takes,is,a,little,,,
self,confidence,You,know,,,,,,,,,,,,,
,,,,,,,,,,,,,,,,
if,you,put,your,mind,to,it,you,could,accomplish,anything,,,,,,
,,,,,,,,,,,,,,,,
Radio,This,Saturday,night,mostly,clear,with,some,scattered,clouds,,,,,,,
Lows,in,the,upper,,,,,,,,,,,,,
,,,,,,,,,,,,,,,,
forties,,,,,,,,,,,,,,,,
,,,,,,,,,,,,,,,,
Doc,Are,you,sure,about,this,storm?,,,,,,,,,,
,,,,,,,,,,,,,,,,
Marty,When,could,weathermen,predict,the,weather,let,alone,the,future,,,,,,
,,,,,,,,,,,,,,,,
Doc,You,know,Marty,Im,gonna,be,very,sad,to,see,you,go,Youve,really,,
mad,a,difference,in,,,,,,,,,,,,,
,,,,,,,,,,,,,,,,
my,life,youve,given,me,something,to,shoot,for,Just,knowing,that,Im,,,,
gonna,be,around,to,se,,,,,,,,,,,,
,,,,,,,,,,,,,,,,
1985,that,Im,gonna,succeed,in,this,That,Im,gonna,have,a,chance,to,,,
travel,through,time,Its,,,,,,,,,,,,,
,,,,,,,,,,,,,,,,
going,to,be,really,hard,waiting,30,years,before,I,could,talk,to,you,,,
about,everything,thats,,,,,,,,,,,,,,
,,,,,,,,,,,,,,,,
happened,in,the,past,few,days,Im,really,gonna,miss,you,Marty,,,,,
,,,,,,,,,,,,,,,,
Marty,Im,really,gonna,miss,you,Doc,about,the,future-,,,,,,,
,,,,,,,,,,,,,,,,
Doc,No,Marty,weve,already,agreed,that,having,information,about,the,,,,,,
future,could,be,,,,,,,,,,,,,,
,,,,,,,,,,,,,,,,
extremely,dangerous,Even,if,your,intentions,are,good,they,could,,,,,,,
backfire,drastically,,,,,,,,,,,,,,,
,,,,,,,,,,,,,,,,
Whatever,youve,got,to,tell,me,Ill,find,out,through,the,natural,course,,,,
of,time,,,,,,,,,,,,,,,
,,,,,,,,,,,,,,,,
Marty,Dear,Doctor,Brown,on,the,night,that,I,go,back,in,time,you,will,,
be,shot,by,terrorists,,,,,,,,,,,,,
,,,,,,,,,,,,,,,,
Please,take,whatever,precautions,are,necessary,to,prevent,this,terrible,,,,,,,
disaster,Your,friend,,,,,,,,,,,,,,
,,,,,,,,,,,,,,,,
Marty,,,,,,,,,,,,,,,,
,,,,,,,,,,,,,,,,
Cop,Evening,Doctor,Brown,whats,with,the,wire?,,,,,,,,,
,,,,,,,,,,,,,,,,
Doc,Oh,just,a,little,weather,experiment,,,,,,,,,,
,,,,,,,,,,,,,,,,
Cop,What,you,got,under,here?,,,,,,,,,,,
,,,,,,,,,,,,,,,,
Doc,Oh,no,dont,touch,that,Thats,some,new,specialized,weather,,,,,,
sensing,equipment,,,,,,,,,,,,,,,
,,,,,,,,,,,,,,,,
Cop,You,got,a,permit,for,that?,,,,,,,,,,
,,,,,,,,,,,,,,,,
Doc,Of,course,I,do,Just,a,second,lets,see,if,I,could,find,it,,
,,,,,,,,,,,,,,,,
Marty,Do,you,mind,if,we,park,for,a,while?,,,,,,,
,,,,,,,,,,,,,,,,
Loraine,Thats,a,great,idea,Id,love,to,park,,,,,,,,
,,,,,,,,,,,,,,,,
Marty,Huh?,,,,,,,,,,,,,,,
,,,,,,,,,,,,,,,,
Loraine,Well,Marty,Im,almost,eighteen-years-old,its,not,like,Ive,,,,,,,
never,parked,before,,,,,,,,,,,,,,
,,,,,,,,,,,,,,,,
Marty,What?,,,,,,,,,,,,,,,
,,,,,,,,,,,,,,,,
Loraine,Marty,you,seem,so,nervous,is,something,wrong?,,,,,,,,
,,,,,,,,,,,,,,,,
Marty,No,no,Loraine,Loraine,what,are,you,doing?,,,,,,,,
,,,,,,,,,,,,,,,,
Loraine,I,swiped,it,from,the,old,ladys,liquor,cabinet,,,,,,,
,,,,,,,,,,,,,,,,
Marty,Yeah,well,you,shouldnt,drink,,,,,,,,,,,
,,,,,,,,,,,,,,,,
Loraine,Why,not?,,,,,,,,,,,,,,
,,,,,,,,,,,,,,,,
Marty,Because,you,might,regret,it,later,in,life,,,,,,,,
,,,,,,,,,,,,,,,,
Loraine,Marty,dont,be,such,a,square,Everybody,whos,anybody,drinks,,,,,,
,,,,,,,,,,,,,,,,
Marty,Jesus,you,smoke,too?,,,,,,,,,,,,
,,,,,,,,,,,,,,,,
Loraine,Marty,youre,beginning,to,sound,just,like,my,mother,,,,,,,
,,,,,,,,,,,,,,,,
Marvin,Barry,Were,gonna,take,a,little,break,but,well,be,back,in,a,,,
while,so,dont,nobody,go,,,,,,,,,,,,
,,,,,,,,,,,,,,,,
no,where,,,,,,,,,,,,,,,
,,,,,,,,,,,,,,,,
Loraine,Marty,why,are,you,so,nervous?,,,,,,,,,,
,,,,,,,,,,,,,,,,
Marty,Loraine,have,you,ever,uh,been,in,a,situation,where,you,know,,,,
you,had,to,act,a,certain,,,,,,,,,,,
,,,,,,,,,,,,,,,,
way,but,when,you,got,there,you,didnt,know,if,you,could,go,through,with,,
it?,,,,,,,,,,,,,,,,
,,,,,,,,,,,,,,,,
Loraine,Oh,you,mean,how,youre,supposed,to,act,on,a,first,date,,,,
,,,,,,,,,,,,,,,,
Marty,Ah,well,sort,of,,,,,,,,,,,,
,,,,,,,,,,,,,,,,
Loraine,I,think,I,know,exactly,what,you,mean,,,,,,,,
,,,,,,,,,,,,,,,,
Marty,You,do?,,,,,,,,,,,,,,
,,,,,,,,,,,,,,,,
Loraine,You,know,what,I,do,in,those,situations?,,,,,,,,
,,,,,,,,,,,,,,,,
Marty,What?,,,,,,,,,,,,,,,
,,,,,,,,,,,,,,,,
Loraine,I,dont,worry,this,is,all,wrong,I,dont,know,what,it,is,but,,
when,I,kiss,you,its,like,,,,,,,,,,,
,,,,,,,,,,,,,,,,
kissing,my,brother,I,guess,that,doesnt,make,any,sense,does,it?,,,,,
,,,,,,,,,,,,,,,,
Marty,Well,you,mean,it,makes,perfect,sense,,,,,,,,,
,,,,,,,,,,,,,,,,
Biff,You,cost,three-hundred,buck,damage,to,my,car,you,son-of-a-bitch,,,,,,
And,Im,gonna,take,it,,,,,,,,,,,,
,,,,,,,,,,,,,,,,
out,of,your,ass,Hold,him,,,,,,,,,,,
,,,,,,,,,,,,,,,,
Loraine,Let,him,go,Biff,youre,drunk,,,,,,,,,,
,,,,,,,,,,,,,,,,
Biff,Well,looky,what,we,have,here,No,no,no,youre,staying,right,here,,,
with,me,,,,,,,,,,,,,,,
,,,,,,,,,,,,,,,,
Loraine,Stop,it,,,,,,,,,,,,,,
,,,,,,,,,,,,,,,,
Biff,Cmon,,,,,,,,,,,,,,,
,,,,,,,,,,,,,,,,
Loraine,Stop,it,,,,,,,,,,,,,,
,,,,,,,,,,,,,,,,
Biff,Cmon,,,,,,,,,,,,,,,
,,,,,,,,,,,,,,,,
Marty,Leave,her,alone,you,bastard,,,,,,,,,,,
,,,,,,,,,,,,,,,,
Biff,You,guys,take,him,in,back,and,Ill,be,right,there,Well,cmon,,,
this,aint,no,peep,show,,,,,,,,,,,,
,,,,,,,,,,,,,,,,
Skinhead,Lets,put,him,in,there,,,,,,,,,,,
,,,,,,,,,,,,,,,,
3-D,Yeah,,,,,,,,,,,,,,,
,,,,,,,,,,,,,,,,
Skinhead,Thats,for,messing,up,my,hair,,,,,,,,,,
,,,,,,,,,,,,,,,,
Starlighter,The,hell,you,doing,to,my,car?,,,,,,,,,
,,,,,,,,,,,,,,,,
3-D,Hey,beat,it,spook,this,dont,concern,you,,,,,,,,
,,,,,,,,,,,,,,,,
Marvin,Barry,Who,are,you,calling,spook,pecker-wood,,,,,,,,,
,,,,,,,,,,,,,,,,
Skinhead,Hey,hey,listen,guys,Look,I,dont,wanna,mess,with,no,reefer,,,,
addicts,okay?,,,,,,,,,,,,,,,
,,,,,,,,,,,,,,,,
Marty,Cmon,open,up,let,me,out,of,here,Yo,,,,,,,
,,,,,,,,,,,,,,,,
Marvin,Barry,Lorenzo,wherere,you,keys?,,,,,,,,,,,
,,,,,,,,,,,,,,,,
Marty,The,keys,are,in,the,trunk,,,,,,,,,,
,,,,,,,,,,,,,,,,
Marvin,Barry,Say,that,again,,,,,,,,,,,,
,,,,,,,,,,,,,,,,
Marty,I,said,the,keys,are,in,here,,,,,,,,,
,,,,,,,,,,,,,,,,
George,Hey,you,get,your,damn,hands,off,oh,,,,,,,,
,,,,,,,,,,,,,,,,
Biff,I,think,you,got,the,wrong,car,McFly,,,,,,,,
,,,,,,,,,,,,,,,,
Loraine,George,help,me,please,,,,,,,,,,,,
,,,,,,,,,,,,,,,,
Biff,Just,turn,around,McFly,and,walk,away,Are,you,deaf,McFly?,Close,,,,
the,door,and,beat,it,,,,,,,,,,,,
,,,,,,,,,,,,,,,,
George,No,Biff,you,leave,her,alone,,,,,,,,,,
,,,,,,,,,,,,,,,,
Biff,Alright,McFly,youre,asking,for,it,and,now,youre,gonna,get,it,,,,
,,,,,,,,,,,,,,,,
Loraine,Biff,stop,it,Biff,youre,breaking,his,arm,Biff,stop,,,,,,
,,,,,,,,,,,,,,,,
Marvin,Barry,Give,me,a,hand,Lorenzo,Ow,dammit,man,I,sliced,my,,,,
hand,,,,,,,,,,,,,,,,
,,,,,,,,,,,,,,,,
Marty,Whos,are,these?,,,,,,,,,,,,,
,,,,,,,,,,,,,,,,
Starlighter,Thanks,thanks,a,lot,,,,,,,,,,,,
,,,,,,,,,,,,,,,,
Loraine,Youre,gonna,break,his,arm,Biff,leave,him,alone,Let,him,go,,,,
Let,him,go,,,,,,,,,,,,,,
,,,,,,,,,,,,,,,,
George,Are,you,okay?,,,,,,,,,,,,,
,,,,,,,,,,,,,,,,
Girlfriend,Who,is,that,guy,,,,,,,,,,,,
,,,,,,,,,,,,,,,,
Boyfriend,Thats,George,McFly,,,,,,,,,,,,,
,,,,,,,,,,,,,,,,
Girlfriend,Thats,George,McFly?,,,,,,,,,,,,,
,,,,,,,,,,,,,,,,
Marty,Excuse,me,,,,,,,,,,,,,,
,,,,,,,,,,,,,,,,
Doc,The,storm,,,,,,,,,,,,,,
,,,,,,,,,,,,,,,,
Marty,Hey,guys,you,gotta,get,back,in,there,and,finish,the,dance,,,,
,,,,,,,,,,,,,,,,
Starlighter,Hey,man,look,at,Marvins,hand,He,cant,play,with,his,,,,,
hands,like,that,and,we,,,,,,,,,,,,
,,,,,,,,,,,,,,,,
cant,play,without,him,,,,,,,,,,,,,
,,,,,,,,,,,,,,,,
Marty,Yeah,well,look,Marvin,Marvin,you,gotta,play,See,thats,where,,,,,
they,kiss,for,the,first,,,,,,,,,,,,
,,,,,,,,,,,,,,,,
time,on,the,dance,floor,And,if,theres,no,music,they,cant,dance,and,,,
if,they,cant,dance,they,,,,,,,,,,,,
,,,,,,,,,,,,,,,,
cant,kiss,and,if,they,cant,kiss,they,cant,fall,in,love,and,Im,,,
history,,,,,,,,,,,,,,,,
,,,,,,,,,,,,,,,,
Marvin,Barry,Hey,man,the,dance,is,over,Unless,you,know,someone,else,,,,
who,could,play,the,,,,,,,,,,,,,
,,,,,,,,,,,,,,,,
guitar,,,,,,,,,,,,,,,,
,,,,,,,,,,,,,,,,
Marvin,Barry,This,is,for,all,you,lovers,out,there,,,,,,,
,,,,,,,,,,,,,,,,
Loraine,George,arent,you,gonna,kiss,me?,,,,,,,,,,
,,,,,,,,,,,,,,,,
George,I,I,dont,know,,,,,,,,,,,,
,,,,,,,,,,,,,,,,
Obnoxious,Kid,Scram,McFly,,,,,,,,,,,,,
,,,,,,,,,,,,,,,,
Starlighter,Hey,boy,are,you,alright?,,,,,,,,,,,
,,,,,,,,,,,,,,,,
Marty,I,cant,play,,,,,,,,,,,,,
,,,,,,,,,,,,,,,,
Loraine,George,George,,,,,,,,,,,,,,
,,,,,,,,,,,,,,,,
Marty,George,,,,,,,,,,,,,,,
,,,,,,,,,,,,,,,,
George,Excuse,me,,,,,,,,,,,,,,
,,,,,,,,,,,,,,,,
Marvin,Barry,Yeah,man,that,was,good,Lets,do,another,one,,,,,,
,,,,,,,,,,,,,,,,
Marty,Uh,well,I,gotta,go,,,,,,,,,,,
,,,,,,,,,,,,,,,,
Marvin,Barry,Cmon,man,lets,do,something,that,really,cooks,,,,,,,
,,,,,,,,,,,,,,,,
Marty,Something,that,really,cooks,Alright,alright,this,is,an,oldie,,,,,,
but,uh,its,an,oldie,where,I,,,,,,,,,,
,,,,,,,,,,,,,,,,
come,from,Alright,guys,lets,do,some,blues,riff,in,b,watch,me,for,the,,
changes,and,uh,try,and,,,,,,,,,,,,
,,,,,,,,,,,,,,,,
keep,up,okay,,,,,,,,,,,,,,
,,,,,,,,,,,,,,,,
Boyfriend,Hey,George,heard,you,laid,out,Biff,nice,going,,,,,,,
,,,,,,,,,,,,,,,,
Girlfriend,George,you,ever,think,of,running,for,class,president?,,,,,,,
,,,,,,,,,,,,,,,,
Marvin,Barry,John,John,its,your,cousin,Your,cousin,Marvin,Barry,,,,,,
you,know,that,new,,,,,,,,,,,,,
,,,,,,,,,,,,,,,,
sound,youre,lookin,for,well,listen,to,this,,,,,,,,,
,,,,,,,,,,,,,,,,
Marty,I,guess,you,guys,arent,ready,for,that,yet,But,your,kids,are,,,
gonna,love,it,,,,,,,,,,,,,,
,,,,,,,,,,,,,,,,
Marty,Loraine,,,,,,,,,,,,,,,
,,,,,,,,,,,,,,,,
Loraine,Marty,that,was,very,interesting,music,,,,,,,,,,
,,,,,,,,,,,,,,,,
Marty,Uh,yeah,,,,,,,,,,,,,,
,,,,,,,,,,,,,,,,
Loraine,I,hope,you,dont,mind,but,George,asked,if,he,could,take,me,,,
home,,,,,,,,,,,,,,,,
,,,,,,,,,,,,,,,,
Marty,Great,good,good,Loraine,I,had,a,feeling,about,you,two,,,,,
,,,,,,,,,,,,,,,,
Loraine,I,have,a,feeling,too,,,,,,,,,,,
,,,,,,,,,,,,,,,,
Marty,Listen,I,gotta,go,but,I,wanted,to,tell,you,that,its,been,,,
educational,,,,,,,,,,,,,,,,
,,,,,,,,,,,,,,,,
Loraine,Marty,will,we,ever,see,you,again?,,,,,,,,,
,,,,,,,,,,,,,,,,
Marty,I,guarantee,it,,,,,,,,,,,,,
,,,,,,,,,,,,,,,,
George,Well,Marty,I,want,to,thank,you,for,all,your,good,advise,Ill,,,
never,forget,it,,,,,,,,,,,,,,
,,,,,,,,,,,,,,,,
Marty,Right,George,Well,good,luck,you,guys,Oh,one,other,thing,if,,,,
you,guys,ever,have,,,,,,,,,,,,,
,,,,,,,,,,,,,,,,
kids,and,one,of,them,when,hes,eight,years,old,accidentally,sets,fire,,,,
to,the,living,room,rug,be,,,,,,,,,,,
,,,,,,,,,,,,,,,,
easy,on,him,,,,,,,,,,,,,,
,,,,,,,,,,,,,,,,
George,Okay,,,,,,,,,,,,,,,
,,,,,,,,,,,,,,,,
Loraine,Marty,such,a,nice,name,,,,,,,,,,,
,,,,,,,,,,,,,,,,
Doc,Damn,where,is,that,kid,Damn,Damn,damn,Youre,late,do,you,have,,,
no,concept,of,,,,,,,,,,,,,,
,,,,,,,,,,,,,,,,
time?,,,,,,,,,,,,,,,,
,,,,,,,,,,,,,,,,
Marty,Hey,cmon,I,had,to,change,you,think,Im,going,back,in,that,zoot,,
suit?,The,old,man,,,,,,,,,,,,,
,,,,,,,,,,,,,,,,
really,came,through,it,worked,,,,,,,,,,,,
,,,,,,,,,,,,,,,,
Doc,What?,,,,,,,,,,,,,,,
,,,,,,,,,,,,,,,,
Marty,He,laid,out,Biff,in,one,punch,I,never,knew,he,had,it,in,him,He
never,stood,up,to,Biff,in,,,,,,,,,,,
,,,,,,,,,,,,,,,,
his,life,,,,,,,,,,,,,,,
,,,,,,,,,,,,,,,,
Doc,Never?,,,,,,,,,,,,,,,
,,,,,,,,,,,,,,,,
Marty,No,why,whats,a,matter?,,,,,,,,,,,
,,,,,,,,,,,,,,,,
Doc,Alright,lets,set,your,destination,time,This,is,the,exact,time,,,,,
you,left,Im,gonna,send,you,,,,,,,,,,,
,,,,,,,,,,,,,,,,
back,at,exactly,the,same,time,Its,be,like,you,never,left,Now,I,,,
painted,a,white,line,on,the,,,,,,,,,,,
,,,,,,,,,,,,,,,,
street,way,over,there,thats,where,you,start,from,Ive,calculated,the,,,,,
distance,and,wind,,,,,,,,,,,,,,
,,,,,,,,,,,,,,,,
resistance,fresh,to,active,from,the,moment,the,lightning,strikes,at,,,,,,
exactly,7,minutes,and,22,,,,,,,,,,,,
,,,,,,,,,,,,,,,,
seconds,When,this,alarm,goes,off,you,hit,the,gas,,,,,,,
,,,,,,,,,,,,,,,,
Marty,Right,,,,,,,,,,,,,,,
,,,,,,,,,,,,,,,,
Doc,Well,I,guess,thats,everything,,,,,,,,,,,
,,,,,,,,,,,,,,,,
Marty,Thanks,,,,,,,,,,,,,,,
,,,,,,,,,,,,,,,,
Doc,Thank,you,In,about,thirty,years,,,,,,,,,,
,,,,,,,,,,,,,,,,
Marty,I,hope,so,,,,,,,,,,,,,
,,,,,,,,,,,,,,,,
Doc,Dont,worry,As,long,as,you,hit,that,wire,with,the,connecting,hook,,,
at,precisely,88,miles,,,,,,,,,,,,,
,,,,,,,,,,,,,,,,
per,hour,the,instance,the,lightning,strikes,the,tower,everything,will,,,,,,
be,fine,,,,,,,,,,,,,,,
,,,,,,,,,,,,,,,,
Marty,Right,,,,,,,,,,,,,,,
,,,,,,,,,,,,,,,,
Doc,Whats,the,meaning,of,this,,,,,,,,,,,
,,,,,,,,,,,,,,,,
Marty,Youll,find,out,in,thirty,years,,,,,,,,,,
,,,,,,,,,,,,,,,,
Doc,Its,about,the,future,isnt,it?,,,,,,,,,,
,,,,,,,,,,,,,,,,
Marty,Wait,a,minute,,,,,,,,,,,,,
,,,,,,,,,,,,,,,,
Doc,Its,information,about,the,future,isnt,it,I,warned,you,about,this,,,,
kid,The,consequences,,,,,,,,,,,,,,
,,,,,,,,,,,,,,,,
could,be,disastrous,,,,,,,,,,,,,,
,,,,,,,,,,,,,,,,
Marty,Now,thats,a,risk,youll,have,to,take,youre,life,depends,on,it,,,
,,,,,,,,,,,,,,,,
Doc,No,I,refuse,to,except,the,responsibility,,,,,,,,,
,,,,,,,,,,,,,,,,
Marty,In,that,case,Ill,tell,you,strait,out,,,,,,,,
,,,,,,,,,,,,,,,,
Doc,Oh,great,scott,You,get,the,cable,Ill,throw,the,rope,down,to,,,
you,,,,,,,,,,,,,,,,
,,,,,,,,,,,,,,,,
Marty,Right,I,got,it,,,,,,,,,,,,
,,,,,,,,,,,,,,,,
Doc,Ahh,,,,,,,,,,,,,,,
,,,,,,,,,,,,,,,,
Marty,Doc,,,,,,,,,,,,,,,
,,,,,,,,,,,,,,,,
Doc,Cmon,cmon,lets,go,,,,,,,,,,,,
,,,,,,,,,,,,,,,,
Marty,Alright,take,it,up,go,Doc,,,,,,,,,,
,,,,,,,,,,,,,,,,
Doc,Huh?,,,,,,,,,,,,,,,
,,,,,,,,,,,,,,,,
Marty,I,have,to,tell,you,about,the,future,,,,,,,,
,,,,,,,,,,,,,,,,
Doc,Huh?,,,,,,,,,,,,,,,
,,,,,,,,,,,,,,,,
Marty,I,have,to,tell,you,about,the,future,,,,,,,,
,,,,,,,,,,,,,,,,
Doc,Ahh,,,,,,,,,,,,,,,
,,,,,,,,,,,,,,,,
Marty,On,the,night,I,go,back,in,time,you,get-,Doc,,,,,
,,,,,,,,,,,,,,,,
Doc,Ohh,no,,,,,,,,,,,,,,
,,,,,,,,,,,,,,,,
Marty,No,Doc,,,,,,,,,,,,,,
,,,,,,,,,,,,,,,,
Doc,Look,at,the,time,youve,got,less,than,4,minutes,please,hurry,,,,
,,,,,,,,,,,,,,,,
Marty,Yeah,,,,,,,,,,,,,,,
,,,,,,,,,,,,,,,,
Marty,Dammit,Doc,why,did,you,have,to,tear,up,that,letter?,If,only,I,,
had,more,time,Wait,a,,,,,,,,,,,,
,,,,,,,,,,,,,,,,
minute,I,got,all,the,time,I,want,I,got,a,time,machine,Ill,just,go,
back,and,warn,him,10,minutes,,,,,,,,,,,
,,,,,,,,,,,,,,,,
oughta,do,it,Time-circuits,on,flux-capacitor,fluxing,engine,running,,,,,,,,
alright,No,no,no,no,no,,,,,,,,,,,
,,,,,,,,,,,,,,,,
cmon,cmon,Cmon,cmon,here,we,go,this,time,Please,please,cmon,,,,,
,,,,,,,,,,,,,,,,
Doc,Ahh,,,,,,,,,,,,,,,
,,,,,,,,,,,,,,,,
Marty,Doc,,,,,,,,,,,,,,,
,,,,,,,,,,,,,,,,
Doc,Yoo,,,,,,,,,,,,,,,
,,,,,,,,,,,,,,,,
Red,Crazy,drunk,drivers,,,,,,,,,,,,,
,,,,,,,,,,,,,,,,
Marty,Wow,ah,Red,you,look,great,Everything,looks,great,1,24,I,,,,
still,got,time,Oh,my,god,,,,,,,,,,,
,,,,,,,,,,,,,,,,
No,no,not,again,cmon,cmon,Hey,Libyans,,,,,,,,,
,,,,,,,,,,,,,,,,
Marty,No,bastards,,,,,,,,,,,,,,
,,,,,,,,,,,,,,,,
Libyan,Go,,,,,,,,,,,,,,,
,,,,,,,,,,,,,,,,
Marty,Doc,Doc,Oh,no,Youre,alive,Bullet,proof,vest,how,did,you,,,,
know,I,never,got,a,,,,,,,,,,,,
,,,,,,,,,,,,,,,,
chance,to,tell,you,About,all,that,talk,about,screwing,up,future,events,,,,
the,space,time,,,,,,,,,,,,,,
,,,,,,,,,,,,,,,,
continuum,,,,,,,,,,,,,,,,
,,,,,,,,,,,,,,,,
Doc,Well,I,figured,what,the,hell,,,,,,,,,,
,,,,,,,,,,,,,,,,
Marty,About,how,far,ahead,are,you,going?,,,,,,,,,
,,,,,,,,,,,,,,,,
Doc,About,30,years,its,a,nice,round,number,,,,,,,,
,,,,,,,,,,,,,,,,
Marty,Look,me,up,when,you,get,there,guess,Ill,be,about,47,,,,
,,,,,,,,,,,,,,,,
Doc,I,will,,,,,,,,,,,,,,
,,,,,,,,,,,,,,,,
Marty,Take,care,,,,,,,,,,,,,,
,,,,,,,,,,,,,,,,
Doc,You,too,,,,,,,,,,,,,,
,,,,,,,,,,,,,,,,
Marty,Alright,good-bye,Einy,Oh,watch,that,re-entry,its,a,little,,,,,,
bumpy,,,,,,,,,,,,,,,,
,,,,,,,,,,,,,,,,
Doc,You,bet,,,,,,,,,,,,,,
,,,,,,,,,,,,,,,,
Marty,What,a,nightmare,,,,,,,,,,,,,
,,,,,,,,,,,,,,,,
Lynda,Oh,if,Paul,calls,me,tell,him,Im,working,at,the,boutique,late,,,
tonight,,,,,,,,,,,,,,,,
,,,,,,,,,,,,,,,,
David,Lynda,first,of,all,Im,not,your,answering,service,Second,of,,,,,
all,somebody,named,Greg,,,,,,,,,,,,,
,,,,,,,,,,,,,,,,
or,Craig,called,you,just,a,little,while,ago,,,,,,,,
,,,,,,,,,,,,,,,,
Lynda,Now,which,one,was,it,Greg,or,Craig?,,,,,,,,
,,,,,,,,,,,,,,,,
David,I,dont,know,I,cant,keep,up,with,all,of,your,boyfriends,,,,
,,,,,,,,,,,,,,,,
Marty,What,the,hell,is,this?,,,,,,,,,,,
,,,,,,,,,,,,,,,,
Lynda,Breakfast,,,,,,,,,,,,,,,
,,,,,,,,,,,,,,,,
David,What,did,you,sleep,in,your,clothes,again,last,night,,,,,,
,,,,,,,,,,,,,,,,
Marty,Yeah,yeah,what,are,you,wearing,Dave,,,,,,,,,
,,,,,,,,,,,,,,,,
David,Marty,I,always,wear,a,suit,to,the,office,You,alright?,,,,,
,,,,,,,,,,,,,,,,
Marty,Yeah,,,,,,,,,,,,,,,
,,,,,,,,,,,,,,,,
Loraine,I,think,we,need,a,rematch,,,,,,,,,,
,,,,,,,,,,,,,,,,
George,Oh,oh,a,rematch,why,were,you,cheating?,,,,,,,,
,,,,,,,,,,,,,,,,
Loraine,No,,,,,,,,,,,,,,,
,,,,,,,,,,,,,,,,
George,Hello,,,,,,,,,,,,,,,
,,,,,,,,,,,,,,,,
Loraine,Good,morning,,,,,,,,,,,,,,
,,,,,,,,,,,,,,,,
Marty,Mom,Dad,,,,,,,,,,,,,,
,,,,,,,,,,,,,,,,
Loraine,Marty,are,you,alright?,,,,,,,,,,,,
,,,,,,,,,,,,,,,,
David,Did,you,hurt,your,head?,,,,,,,,,,,
,,,,,,,,,,,,,,,,
Marty,you,guys,look,great,Mom,you,look,so,thin,,,,,,,
,,,,,,,,,,,,,,,,
Loraine,Why,thank,you,Marty,George,Good,morning,sleepyhead,Good,,,,,,,
morning,Dave,,,,,,,,,,,,,,,
,,,,,,,,,,,,,,,,
Lynda,,,,,,,,,,,,,,,,
,,,,,,,,,,,,,,,,
David,Good,morning,Mom,,,,,,,,,,,,,
,,,,,,,,,,,,,,,,
Lynda,Good,morning,Mom,Oh,Marty,I,almost,forgot,Jennifer,Parker,,,,,,
called,,,,,,,,,,,,,,,,
,,,,,,,,,,,,,,,,
Loraine,Oh,I,sure,like,her,Marty,she,is,such,a,sweet,girl,Isnt,,,
tonight,the,night,of,the,big,,,,,,,,,,,
,,,,,,,,,,,,,,,,
date?,,,,,,,,,,,,,,,,
,,,,,,,,,,,,,,,,
Marty,What,what,ma?,,,,,,,,,,,,,
,,,,,,,,,,,,,,,,
Loraine,Well,arent,you,going,up,to,the,lake,tonight,youve,been,,,,,
planning,it,for,two,weeks,,,,,,,,,,,,
,,,,,,,,,,,,,,,,
Marty,Well,ma,we,talked,about,this,were,not,gonna,go,to,the,lake,,,
the,cars,wrecked,,,,,,,,,,,,,,
,,,,,,,,,,,,,,,,
George,Wrecked?,,,,,,,,,,,,,,,
,,,,,,,,,,,,,,,,
David,Wrecked?,When,did,this,happen,and-,,,,,,,,,,
,,,,,,,,,,,,,,,,
George,Quiet,down,Im,sure,the,car,is,fine,,,,,,,,
,,,,,,,,,,,,,,,,
David,Why,am,I,always,the,last,one,to,know,about,these,things,,,,
,,,,,,,,,,,,,,,,
George,See,theres,Biff,out,there,waxing,it,right,now,Now,Biff,I,,,,
wanna,make,sure,that,we,,,,,,,,,,,,
,,,,,,,,,,,,,,,,
get,two,coats,of,wax,this,time,not,just,one,,,,,,,
,,,,,,,,,,,,,,,,
Biff,Just,finishing,up,the,second,coat,now,,,,,,,,,
,,,,,,,,,,,,,,,,
George,Now,Biff,dont,con,me,,,,,,,,,,,
,,,,,,,,,,,,,,,,
Biff,Im,Im,sorry,Mr,McFly,I,mean,I,was,just,starting,on,the,,,
second,coat,,,,,,,,,,,,,,,
,,,,,,,,,,,,,,,,
George,That,Biff,what,a,character,Always,trying,to,get,away,with,,,,,
something,Been,on,top,of,,,,,,,,,,,,
,,,,,,,,,,,,,,,,
Biff,ever,since,high,school,Although,if,it,wasnt,for,him-,,,,,,
,,,,,,,,,,,,,,,,
Loraine,We,never,would,have,fallen,in,love,,,,,,,,,
,,,,,,,,,,,,,,,,
George,Thats,right,,,,,,,,,,,,,,
,,,,,,,,,,,,,,,,
Biff,Mr,McFly,Mr,McFly,this,just,arrived,oh,hi,Marty,I,think,its,,,
your,new,book,,,,,,,,,,,,,,
,,,,,,,,,,,,,,,,
Loraine,Ah,honey,your,first,novel,,,,,,,,,,,
,,,,,,,,,,,,,,,,
George,Like,I,always,told,you,if,you,put,your,mind,to,it,you,could,,
accomplish,anything,,,,,,,,,,,,,,,
,,,,,,,,,,,,,,,,
Biff,Oh,oh,Marty,heres,you,keys,Youre,all,waxed,up,ready,for,,,,
tonight,,,,,,,,,,,,,,,,
,,,,,,,,,,,,,,,,
Marty,Keys?,,,,,,,,,,,,,,,
,,,,,,,,,,,,,,,,
Jennifer,How,about,a,ride,Mister?,,,,,,,,,,,
,,,,,,,,,,,,,,,,
Marty,Jennifer,oh,are,you,a,sight,for,sore,eyes,Let,me,look,at,you,,
,,,,,,,,,,,,,,,,
Jennifer,Marty,youre,acting,like,you,havent,seen,me,in,a,week,,,,,
,,,,,,,,,,,,,,,,
Marty,I,havent,,,,,,,,,,,,,,
,,,,,,,,,,,,,,,,
Jennifer,You,okay,is,everything,alright?,,,,,,,,,,,
,,,,,,,,,,,,,,,,
Marty,Aw,yeah,everything,is,great,,,,,,,,,,,
,,,,,,,,,,,,,,,,
Doc,Marty,you,gotta,come,back,with,me,,,,,,,,,
,,,,,,,,,,,,,,,,
Marty,Where?,,,,,,,,,,,,,,,
,,,,,,,,,,,,,,,,
Doc,Back,to,the,future,,,,,,,,,,,,
,,,,,,,,,,,,,,,,
Marty,Wait,a,minute,what,are,you,doing,Doc?,,,,,,,,
,,,,,,,,,,,,,,,,
Doc,I,need,fuel,Go,ahead,quick,get,in,the,car,,,,,,
,,,,,,,,,,,,,,,,
Marty,No,no,no,Doc,I,just,got,here,okay,Jennifers,here,were,,,,
gonna,take,the,new,truck,for,,,,,,,,,,,
,,,,,,,,,,,,,,,,
a,spin,,,,,,,,,,,,,,,
,,,,,,,,,,,,,,,,
Doc,Well,bring,her,along,This,concerns,her,too,,,,,,,,
,,,,,,,,,,,,,,,,
Marty,Wait,a,minute,Doc,What,are,you,talking,about?,What,happens,to,,,,
us,in,the,future?,,,,,,,,,,,,,
,,,,,,,,,,,,,,,,
What,do,we,become,assholes,or,something?,,,,,,,,,,
,,,,,,,,,,,,,,,,
Doc,No,no,no,no,no,Marty,both,you,and,Jennifer,turn,out,fine,Its,,
your,kids,Marty,,,,,,,,,,,,,,
,,,,,,,,,,,,,,,,
something,has,got,to,be,done,about,your,kids,,,,,,,,
,,,,,,,,,,,,,,,,
Marty,Hey,Doc,we,better,back,up,we,dont,have,enough,roads,to,get,up,,
to,88,,,,,,,,,,,,,,,
,,,,,,,,,,,,,,,,
Doc,Roads?,Where,were,going,we,dont,need,roads,,,,,,,,
,,,,,,,,,,,,,,,,
,----------,,,,,,,,,,,,,,,
,THE,END,,,,,,,,,,,,,,
